name,date,partner_id,company_id,pricelist_id,team_id,user_id,state,invoice_status,campaign_id,medium_id,source_id,commercial_partner_id,country_id,industry_id,partner_zip,state_id,order_reference,categ_id,product_id,product_tmpl_id,product_uom,product_uom_qty,qty_to_deliver,qty_delivered,qty_to_invoice,qty_invoiced,price_subtotal,price_total,untaxed_amount_to_invoice,untaxed_amount_invoiced,line_invoice_status,weight,volume,price_unit,discount,discount_amount,nbr,currency_id,id,display_name,warehouse_id,website_id,is_abandoned_cart,project_id
S00069,2025-03-10 17:11:44,"[10, 'Deco Addict']","[1, 'My Company (San Francisco)']","[2, 'Benelux (USD)']","[1, 'Sales']","[2, 'Mitchell Admin']",sale,to invoice,False,False,False,"[10, 'Deco Addict']","[233, 'United States']",False,94523,"[13, 'California (US)']","sale.order,69","[10, 'All / Home Construction']","[222, 'Interior Designing']","[200, 'Interior Designing']","[4, 'Hours']",15.0,15.0,0.0,0.0,0.0,37500.0,43125.0,0.0,0.0,no,0.0,0.0,2500.0,0.0,0.0,1,"[1, 'USD']",129,2025-03-10 18:11:44,"[1, 'YourCompany']",False,False,"[5, 'Home Construction']"
S00069,2025-03-10 17:11:44,"[10, 'Deco Addict']","[1, 'My Company (San Francisco)']","[2, 'Benelux (USD)']","[1, 'Sales']","[2, 'Mitchell Admin']",sale,to invoice,False,False,False,"[10, 'Deco Addict']","[233, 'United States']",False,94523,"[13, 'California (US)']","sale.order,69","[10, 'All / Home Construction']","[221, 'Solar Panel Installation']","[199, 'Solar Panel Installation']","[4, 'Hours']",10.0,6.0,4.0,4.0,0.0,33210.0,38191.5,13284.0,0.0,to invoice,0.0,0.0,4050.0,18.0,7290.0,1,"[1, 'USD']",128,2025-03-10 18:11:44,"[1, 'YourCompany']",False,False,"[5, 'Home Construction']"
S00069,2025-03-10 17:11:44,"[10, 'Deco Addict']","[1, 'My Company (San Francisco)']","[2, 'Benelux (USD)']","[1, 'Sales']","[2, 'Mitchell Admin']",sale,to invoice,False,False,False,"[10, 'Deco Addict']","[233, 'United States']",False,94523,"[13, 'California (US)']","sale.order,69","[10, 'All / Home Construction']","[220, 'Elevator Installation']","[198, 'Elevator Installation']","[4, 'Hours']",20.0,15.0,5.0,20.0,0.0,110000.0,126500.0,110000.0,0.0,to invoice,0.0,0.0,5500.0,0.0,0.0,1,"[1, 'USD']",127,2025-03-10 18:11:44,"[1, 'YourCompany']",False,False,"[5, 'Home Construction']"
S00069,2025-03-10 17:11:44,"[10, 'Deco Addict']","[1, 'My Company (San Francisco)']","[2, 'Benelux (USD)']","[1, 'Sales']","[2, 'Mitchell Admin']",sale,to invoice,False,False,False,"[10, 'Deco Addict']","[233, 'United States']",False,94523,"[13, 'California (US)']","sale.order,69","[10, 'All / Home Construction']","[223, 'Roofing']","[201, 'Roofing']","[4, 'Hours']",20.0,20.0,0.0,0.0,0.0,72000.0,82800.0,0.0,0.0,no,0.0,0.0,4000.0,10.0,8000.0,1,"[1, 'USD']",130,2025-03-10 18:11:44,"[1, 'YourCompany']",False,False,"[5, 'Home Construction']"
S00065,2025-03-10 17:11:37,"[10, 'Deco Addict']","[1, 'My Company (San Francisco)']","[2, 'Benelux (USD)']","[1, 'Sales']","[2, 'Mitchell Admin']",sale,to invoice,False,False,False,"[10, 'Deco Addict']","[233, 'United States']",False,94523,"[13, 'California (US)']","sale.order,65","[10, 'All / Home Construction']","[214, 'Motion Sensors']","[192, 'Motion Sensors']","[4, 'Hours']",3.0,0.0,3.0,3.0,0.0,195.0,224.25,195.0,0.0,to invoice,0.0,0.0,65.0,0.0,0.0,1,"[1, 'USD']",108,2025-03-10 18:11:37,"[1, 'YourCompany']",False,False,"[5, 'Home Construction']"
S00065,2025-03-10 17:11:37,"[10, 'Deco Addict']","[1, 'My Company (San Francisco)']","[2, 'Benelux (USD)']","[1, 'Sales']","[2, 'Mitchell Admin']",sale,to invoice,False,False,False,"[10, 'Deco Addict']","[233, 'United States']",False,94523,"[13, 'California (US)']","sale.order,65","[10, 'All / Home Construction']","[213, 'Camera Services']","[191, 'Camera Services']","[4, 'Hours']",10.0,3.0,7.0,10.0,0.0,750.0,862.5,750.0,0.0,to invoice,0.0,0.0,75.0,0.0,0.0,1,"[1, 'USD']",109,2025-03-10 18:11:37,"[1, 'YourCompany']",False,False,"[5, 'Home Construction']"
S00064,2025-03-10 17:11:21,"[10, 'Deco Addict']","[1, 'My Company (San Francisco)']","[2, 'Benelux (USD)']","[1, 'Sales']","[2, 'Mitchell Admin']",sale,to invoice,False,False,False,"[10, 'Deco Addict']","[233, 'United States']",False,94523,"[13, 'California (US)']","sale.order,64","[1, 'All']","[212, 'Renovation Architect (Workspace Template)']","[190, 'Renovation Architect (Workspace Template)']","[4, 'Hours']",30.0,30.0,0.0,30.0,0.0,1350.0,1552.5,1350.0,0.0,to invoice,0.0,0.0,45.0,0.0,0.0,1,"[1, 'USD']",107,2025-03-10 18:11:21,"[1, 'YourCompany']",False,False,"[12, 'DOC - S00064 - Renovation Architect']"
S00063,2025-03-10 17:11:06,"[10, 'Deco Addict']","[1, 'My Company (San Francisco)']","[2, 'Benelux (USD)']","[1, 'Sales']","[2, 'Mitchell Admin']",sale,to invoice,False,False,False,"[10, 'Deco Addict']","[233, 'United States']",False,94523,"[13, 'California (US)']","sale.order,63","[10, 'All / Home Construction']","[205, 'Plumbing Services']","[183, 'Plumbing Services']","[4, 'Hours']",12.0,2.0,10.0,12.0,0.0,6000.0,6900.0,6000.0,0.0,to invoice,0.0,0.0,500.0,0.0,0.0,1,"[1, 'USD']",106,2025-03-10 18:11:06,"[1, 'YourCompany']",False,False,"[5, 'Home Construction']"
S00063,2025-03-10 17:11:06,"[10, 'Deco Addict']","[1, 'My Company (San Francisco)']","[2, 'Benelux (USD)']","[1, 'Sales']","[2, 'Mitchell Admin']",sale,to invoice,False,False,False,"[10, 'Deco Addict']","[233, 'United States']",False,94523,"[13, 'California (US)']","sale.order,63","[10, 'All / Home Construction']","[204, 'Flooring Services']","[182, 'Flooring Services']","[4, 'Hours']",10.0,2.0,8.0,10.0,0.0,7000.0,8050.0,7000.0,0.0,to invoice,0.0,0.0,700.0,0.0,0.0,1,"[1, 'USD']",105,2025-03-10 18:11:06,"[1, 'YourCompany']",False,False,"[5, 'Home Construction']"
S00063,2025-03-10 17:11:06,"[10, 'Deco Addict']","[1, 'My Company (San Francisco)']","[2, 'Benelux (USD)']","[1, 'Sales']","[2, 'Mitchell Admin']",sale,to invoice,False,False,False,"[10, 'Deco Addict']","[233, 'United States']",False,94523,"[13, 'California (US)']","sale.order,63","[10, 'All / Home Construction']","[38, 'Furniture Assembly']","[29, 'Furniture Assembly']","[4, 'Hours']",15.0,3.0,12.0,15.0,0.0,30000.0,34500.0,30000.0,0.0,to invoice,0.0,0.0,2000.0,0.0,0.0,1,"[1, 'USD']",104,2025-03-10 18:11:06,"[1, 'YourCompany']",False,False,"[5, 'Home Construction']"
S00063,2025-03-10 17:11:06,"[10, 'Deco Addict']","[1, 'My Company (San Francisco)']","[2, 'Benelux (USD)']","[1, 'Sales']","[2, 'Mitchell Admin']",sale,to invoice,False,False,False,"[10, 'Deco Addict']","[233, 'United States']",False,94523,"[13, 'California (US)']","sale.order,63","[10, 'All / Home Construction']","[203, 'Painting']","[181, 'Painting']","[4, 'Hours']",7.0,7.0,0.0,7.0,0.0,7000.0,8050.0,7000.0,0.0,to invoice,0.0,0.0,1000.0,0.0,0.0,1,"[1, 'USD']",103,2025-03-10 18:11:06,"[1, 'YourCompany']",False,False,"[5, 'Home Construction']"
S00062,2025-03-10 17:11:05,"[10, 'Deco Addict']","[1, 'My Company (San Francisco)']","[2, 'Benelux (USD)']","[1, 'Sales']","[2, 'Mitchell Admin']",sale,to invoice,False,False,False,"[10, 'Deco Addict']","[233, 'United States']",False,94523,"[13, 'California (US)']","sale.order,62","[10, 'All / Home Construction']","[206, 'Wiring Services']","[184, 'Wiring Services']","[4, 'Hours']",5.0,5.0,0.0,5.0,0.0,7500.0,8625.0,7500.0,0.0,to invoice,0.0,0.0,1500.0,0.0,0.0,1,"[1, 'USD']",101,2025-03-10 18:11:05,"[1, 'YourCompany']",False,False,"[5, 'Home Construction']"
S00062,2025-03-10 17:11:05,"[10, 'Deco Addict']","[1, 'My Company (San Francisco)']","[2, 'Benelux (USD)']","[1, 'Sales']","[2, 'Mitchell Admin']",sale,to invoice,False,False,False,"[10, 'Deco Addict']","[233, 'United States']",False,94523,"[13, 'California (US)']","sale.order,62","[9, 'All / Consumable']","[207, 'Screw Driver']","[185, 'Screw Driver']","[1, 'Units']",50.0,50.0,0.0,50.0,0.0,7500.0,8625.0,7500.0,0.0,to invoice,37.5,0.0,150.0,0.0,0.0,1,"[1, 'USD']",102,2025-03-10 18:11:05,"[1, 'YourCompany']",False,False,"[5, 'Home Construction']"
S00060,2025-03-10 17:11:03,"[11, 'Gemini Furniture']","[1, 'My Company (San Francisco)']","[2, 'Benelux (USD)']","[1, 'Sales']","[2, 'Mitchell Admin']",sale,to invoice,"[4, 'Email Campaign - Products']","[4, 'Email']","[16, 'Sale Promotion 1']","[11, 'Gemini Furniture']","[233, 'United States']",False,94535,"[13, 'California (US)']","sale.order,60","[5, 'All / Saleable / Services']","[198, 'IT Technical Maintenance (Plan services)']","[176, 'IT Technical Maintenance (Plan services)']","[4, 'Hours']",24.0,24.0,0.0,24.0,0.0,2892.0,3325.8,2892.0,0.0,to invoice,0.0,0.0,120.5,0.0,0.0,1,"[1, 'USD']",97,2025-03-10 18:11:03,"[1, 'YourCompany']",False,False,False
S00061,2025-03-10 17:11:03,"[11, 'Gemini Furniture']","[1, 'My Company (San Francisco)']","[2, 'Benelux (USD)']","[1, 'Sales']","[6, 'Marc Demo']",sale,to invoice,"[4, 'Email Campaign - Products']","[4, 'Email']","[16, 'Sale Promotion 1']","[11, 'Gemini Furniture']","[233, 'United States']",False,94535,"[13, 'California (US)']","sale.order,61","[5, 'All / Saleable / Services']","[198, 'IT Technical Maintenance (Plan services)']","[176, 'IT Technical Maintenance (Plan services)']","[4, 'Hours']",30.0,30.0,0.0,30.0,0.0,8250.0,9487.5,8250.0,0.0,to invoice,0.0,0.0,275.0,0.0,0.0,1,"[1, 'USD']",99,2025-03-10 18:11:03,"[1, 'YourCompany']",False,False,False
S00060,2025-03-10 17:11:03,"[11, 'Gemini Furniture']","[1, 'My Company (San Francisco)']","[2, 'Benelux (USD)']","[1, 'Sales']","[2, 'Mitchell Admin']",sale,to invoice,"[4, 'Email Campaign - Products']","[4, 'Email']","[16, 'Sale Promotion 1']","[11, 'Gemini Furniture']","[233, 'United States']",False,94535,"[13, 'California (US)']","sale.order,60","[5, 'All / Saleable / Services']","[199, 'Developer (Plan services)']","[177, 'Developer (Plan services)']","[4, 'Hours']",120.0,120.0,0.0,120.0,0.0,4860.0,5589.0,4860.0,0.0,to invoice,0.0,0.0,40.5,0.0,0.0,1,"[1, 'USD']",98,2025-03-10 18:11:03,"[1, 'YourCompany']",False,False,False
S00059,2025-03-10 17:11:03,"[11, 'Gemini Furniture']","[1, 'My Company (San Francisco)']","[2, 'Benelux (USD)']","[1, 'Sales']","[2, 'Mitchell Admin']",sale,to invoice,"[4, 'Email Campaign - Products']","[4, 'Email']","[16, 'Sale Promotion 1']","[11, 'Gemini Furniture']","[233, 'United States']",False,94535,"[13, 'California (US)']","sale.order,59","[5, 'All / Saleable / Services']","[199, 'Developer (Plan services)']","[177, 'Developer (Plan services)']","[4, 'Hours']",60.0,60.0,0.0,60.0,0.0,6000.0,6900.0,6000.0,0.0,to invoice,0.0,0.0,100.0,0.0,0.0,1,"[1, 'USD']",96,2025-03-10 18:11:03,"[1, 'YourCompany']",False,False,False
S00061,2025-03-10 17:11:03,"[11, 'Gemini Furniture']","[1, 'My Company (San Francisco)']","[2, 'Benelux (USD)']","[1, 'Sales']","[6, 'Marc Demo']",sale,to invoice,"[4, 'Email Campaign - Products']","[4, 'Email']","[16, 'Sale Promotion 1']","[11, 'Gemini Furniture']","[233, 'United States']",False,94535,"[13, 'California (US)']","sale.order,61","[5, 'All / Saleable / Services']","[199, 'Developer (Plan services)']","[177, 'Developer (Plan services)']","[4, 'Hours']",10.0,10.0,0.0,10.0,0.0,4000.0,4600.0,4000.0,0.0,to invoice,0.0,0.0,400.0,0.0,0.0,1,"[1, 'USD']",100,2025-03-10 18:11:03,"[1, 'YourCompany']",False,False,False
S00059,2025-03-10 17:11:03,"[11, 'Gemini Furniture']","[1, 'My Company (San Francisco)']","[2, 'Benelux (USD)']","[1, 'Sales']","[2, 'Mitchell Admin']",sale,to invoice,"[4, 'Email Campaign - Products']","[4, 'Email']","[16, 'Sale Promotion 1']","[11, 'Gemini Furniture']","[233, 'United States']",False,94535,"[13, 'California (US)']","sale.order,59","[5, 'All / Saleable / Services']","[198, 'IT Technical Maintenance (Plan services)']","[176, 'IT Technical Maintenance (Plan services)']","[4, 'Hours']",42.0,42.0,0.0,42.0,0.0,11550.0,13282.5,11550.0,0.0,to invoice,0.0,0.0,275.0,0.0,0.0,1,"[1, 'USD']",95,2025-03-10 18:11:03,"[1, 'YourCompany']",False,False,False
S00052,2025-03-10 17:10:23,"[11, 'Gemini Furniture']","[1, 'My Company (San Francisco)']","[2, 'Benelux (USD)']","[2, 'Website']","[6, 'Marc Demo']",draft,no,False,False,False,"[11, 'Gemini Furniture']","[233, 'United States']",False,94535,"[13, 'California (US)']","sale.order,52","[8, 'All / Saleable / Office Furniture']","[23, '[E-COM12] Conference Chair (Steel)']","[16, 'Conference Chair']","[1, 'Units']",2.0,2.0,0.0,0.0,0.0,66.0,75.9,0.0,0.0,no,0.02,0.0,33.0,0.0,0.0,1,"[1, 'USD']",88,2025-03-10 18:10:23,"[1, 'YourCompany']","[1, 'My Website']",True,False
S00050,2025-03-10 17:10:23,"[11, 'Gemini Furniture']","[1, 'My Company (San Francisco)']",False,"[2, 'Website']","[6, 'Marc Demo']",sale,no,False,False,False,"[11, 'Gemini Furniture']","[233, 'United States']",False,94535,"[13, 'California (US)']","sale.order,50","[8, 'All / Saleable / Office Furniture']","[19, '[E-COM09] Large Desk']","[13, '[E-COM09] Large Desk']","[1, 'Units']",1.0,1.0,0.0,0.0,0.0,1799.0,2068.85,0.0,0.0,no,9.54,0.0,1799.0,0.0,0.0,1,"[1, 'USD']",85,2025-03-10 18:10:23,"[1, 'YourCompany']","[1, 'My Website']",False,False
S00055,2025-03-10 17:10:23,"[11, 'Gemini Furniture']","[1, 'My Company (San Francisco)']","[2, 'Benelux (USD)']","[2, 'Website']","[6, 'Marc Demo']",sale,to invoice,False,False,False,"[11, 'Gemini Furniture']","[233, 'United States']",False,94535,"[13, 'California (US)']","sale.order,55","[8, 'All / Saleable / Office Furniture']","[27, '[FURN_8900] Drawer Black']","[19, '[FURN_8900] Drawer Black']","[1, 'Units']",1.0,1.0,0.0,1.0,0.0,25.0,28.75,25.0,0.0,to invoice,0.01,0.0,25.0,0.0,0.0,1,"[1, 'USD']",91,2025-03-10 18:10:23,"[1, 'YourCompany']","[1, 'My Website']",False,False
S00041,2025-03-10 17:10:12,"[8, 'YourCompany, Joel Willis']","[1, 'My Company (San Francisco)']",False,"[1, 'Sales']","[2, 'Mitchell Admin']",sale,to invoice,False,False,False,"[8, 'YourCompany, Joel Willis']","[233, 'United States']",False,07002,"[33, 'New Jersey (US)']","sale.order,41","[5, 'All / Saleable / Services']","[175, 'Office Cleaning Service (SUB)']","[155, 'Office Cleaning Service (SUB)']","[1, 'Units']",2.0,2.0,0.0,2.0,0.0,180.0,207.0,180.0,0.0,to invoice,0.0,0.0,90.0,0.0,0.0,1,"[1, 'USD']",76,2025-03-10 18:10:12,"[1, 'YourCompany']",False,False,False
S00040,2025-03-10 17:10:12,"[8, 'YourCompany, Joel Willis']","[1, 'My Company (San Francisco)']",False,"[1, 'Sales']","[2, 'Mitchell Admin']",sale,to invoice,False,False,False,"[8, 'YourCompany, Joel Willis']","[233, 'United States']",False,07002,"[33, 'New Jersey (US)']","sale.order,40","[5, 'All / Saleable / Services']","[174, 'Registration fee']","[154, 'Registration fee']","[1, 'Units']",1.0,1.0,0.0,1.0,0.0,25.0,28.75,25.0,0.0,to invoice,0.0,0.0,25.0,0.0,0.0,1,"[1, 'USD']",74,2025-03-10 18:10:12,"[1, 'YourCompany']",False,False,False
S00042,2025-03-10 17:10:12,"[8, 'YourCompany, Joel Willis']","[1, 'My Company (San Francisco)']",False,"[1, 'Sales']","[2, 'Mitchell Admin']",sale,to invoice,False,False,False,"[8, 'YourCompany, Joel Willis']","[233, 'United States']",False,07002,"[33, 'New Jersey (US)']","sale.order,42","[5, 'All / Saleable / Services']","[175, 'Office Cleaning Service (SUB)']","[155, 'Office Cleaning Service (SUB)']","[1, 'Units']",3.0,3.0,0.0,3.0,0.0,60.0,69.0,60.0,0.0,to invoice,0.0,0.0,20.0,0.0,0.0,1,"[1, 'USD']",77,2025-03-10 18:10:12,"[1, 'YourCompany']",False,False,False
S00040,2025-03-10 17:10:12,"[8, 'YourCompany, Joel Willis']","[1, 'My Company (San Francisco)']",False,"[1, 'Sales']","[2, 'Mitchell Admin']",sale,to invoice,False,False,False,"[8, 'YourCompany, Joel Willis']","[233, 'United States']",False,07002,"[33, 'New Jersey (US)']","sale.order,40","[5, 'All / Saleable / Services']","[176, 'Car Leasing (SUB)']","[156, 'Car Leasing (SUB)']","[1, 'Units']",3.0,3.0,0.0,0.0,0.0,60.0,69.0,0.0,0.0,no,0.0,0.0,20.0,0.0,0.0,1,"[1, 'USD']",75,2025-03-10 18:10:12,"[1, 'YourCompany']",False,False,False
S00040,2025-03-10 17:10:12,"[8, 'YourCompany, Joel Willis']","[1, 'My Company (San Francisco)']",False,"[1, 'Sales']","[2, 'Mitchell Admin']",sale,to invoice,False,False,False,"[8, 'YourCompany, Joel Willis']","[233, 'United States']",False,07002,"[33, 'New Jersey (US)']","sale.order,40","[5, 'All / Saleable / Services']","[175, 'Office Cleaning Service (SUB)']","[155, 'Office Cleaning Service (SUB)']","[1, 'Units']",1.0,1.0,0.0,1.0,0.0,10.0,11.5,10.0,0.0,to invoice,0.0,0.0,10.0,0.0,0.0,1,"[1, 'USD']",73,2025-03-10 18:10:12,"[1, 'YourCompany']",False,False,False
S00039,2025-03-10 17:10:09,"[10, 'Deco Addict']","[1, 'My Company (San Francisco)']",False,"[1, 'Sales']","[2, 'Mitchell Admin']",sale,to invoice,False,False,False,"[10, 'Deco Addict']","[233, 'United States']",False,94523,"[13, 'California (US)']","sale.order,39","[19, 'All / Rental']","[171, '[RENT003] Printer']","[151, '[RENT003] Printer']","[1, 'Units']",2.0,2.0,0.0,2.0,0.0,300.0,345.0,300.0,0.0,to invoice,0.0,0.0,150.0,0.0,0.0,1,"[1, 'USD']",72,2025-03-10 18:10:09,"[1, 'YourCompany']",False,False,False
S00039,2025-03-10 17:10:09,"[10, 'Deco Addict']","[1, 'My Company (San Francisco)']",False,"[1, 'Sales']","[2, 'Mitchell Admin']",sale,to invoice,False,False,False,"[10, 'Deco Addict']","[233, 'United States']",False,94523,"[13, 'California (US)']","sale.order,39","[19, 'All / Rental']","[171, '[RENT003] Printer']","[151, '[RENT003] Printer']","[1, 'Units']",3.0,3.0,0.0,3.0,0.0,300.0,345.0,300.0,0.0,to invoice,0.0,0.0,100.0,0.0,0.0,1,"[1, 'USD']",71,2025-03-10 18:10:09,"[1, 'YourCompany']",False,False,False
S00038,2025-03-10 17:09:41,"[10, 'Deco Addict']","[1, 'My Company (San Francisco)']",False,"[1, 'Sales']","[1, 'OdooBot']",draft,no,False,False,False,"[10, 'Deco Addict']","[233, 'United States']",False,94523,"[13, 'California (US)']","sale.order,38","[8, 'All / Saleable / Office Furniture']","[25, '[FURN_0269] Office Chair Black']","[17, '[FURN_0269] Office Chair Black']","[1, 'Units']",1.0,1.0,0.0,0.0,0.0,12.5,14.38,0.0,0.0,no,0.01,0.0,12.5,0.0,0.0,1,"[1, 'USD']",70,2025-03-10 18:09:41,"[1, 'YourCompany']",False,False,False
S00036,2025-03-10 17:09:41,"[10, 'Deco Addict']","[1, 'My Company (San Francisco)']",False,"[1, 'Sales']","[1, 'OdooBot']",draft,no,False,False,False,"[10, 'Deco Addict']","[233, 'United States']",False,94523,"[13, 'California (US)']","sale.order,36","[8, 'All / Saleable / Office Furniture']","[33, '[FURN_8855] Drawer']","[24, '[FURN_8855] Drawer']","[1, 'Units']",1.0,1.0,0.0,0.0,0.0,3645.0,4191.75,0.0,0.0,no,0.01,0.0,3645.0,0.0,0.0,1,"[1, 'USD']",68,2025-03-10 18:09:41,"[1, 'YourCompany']",False,False,False
S00037,2025-03-10 17:09:41,"[14, 'The Jackson Group']","[1, 'My Company (San Francisco)']",False,"[1, 'Sales']","[1, 'OdooBot']",draft,no,False,False,False,"[14, 'The Jackson Group']","[233, 'United States']",False,95377,"[13, 'California (US)']","sale.order,37","[8, 'All / Saleable / Office Furniture']","[21, '[E-COM11] Cabinet with Doors']","[15, '[E-COM11] Cabinet with Doors']","[1, 'Units']",1.0,1.0,0.0,0.0,0.0,14.0,16.1,0.0,0.0,no,0.01,0.0,14.0,0.0,0.0,1,"[1, 'USD']",69,2025-03-10 18:09:41,"[1, 'YourCompany']",False,False,False
S00035,2025-03-10 17:09:40,"[32, 'Gemini Furniture, Oscar Morgan']","[1, 'My Company (San Francisco)']",False,"[1, 'Sales']","[2, 'Mitchell Admin']",sale,to invoice,False,False,False,"[11, 'Gemini Furniture']","[233, 'United States']",False,94535,"[13, 'California (US)']","sale.order,35","[12, 'All / Saleable / Events']","[46, 'Event Registration - Standard']","[37, 'Event Registration - Standard']","[1, 'Units']",1.0,1.0,0.0,1.0,0.0,0.0,0.0,0.0,0.0,to invoice,0.0,0.0,0.0,0.0,0.0,1,"[1, 'USD']",66,2025-03-10 18:09:40,"[1, 'YourCompany']",False,False,False
S00034,2025-03-10 17:09:40,"[21, 'Gemini Furniture, Edwin Hansen']","[1, 'My Company (San Francisco)']",False,"[1, 'Sales']","[2, 'Mitchell Admin']",sale,to invoice,False,False,False,"[11, 'Gemini Furniture']","[233, 'United States']",False,94535,"[13, 'California (US)']","sale.order,34","[12, 'All / Saleable / Events']","[47, 'Event Registration - VIP']","[38, 'Event Registration - VIP']","[1, 'Units']",1.0,1.0,0.0,1.0,0.0,0.0,0.0,0.0,0.0,to invoice,0.0,0.0,0.0,0.0,0.0,1,"[1, 'USD']",65,2025-03-10 18:09:40,"[1, 'YourCompany']",False,False,False
S00034,2025-03-10 17:09:40,"[21, 'Gemini Furniture, Edwin Hansen']","[1, 'My Company (San Francisco)']",False,"[1, 'Sales']","[2, 'Mitchell Admin']",sale,to invoice,False,False,False,"[11, 'Gemini Furniture']","[233, 'United States']",False,94535,"[13, 'California (US)']","sale.order,34","[12, 'All / Saleable / Events']","[46, 'Event Registration - Standard']","[37, 'Event Registration - Standard']","[1, 'Units']",1.0,1.0,0.0,1.0,0.0,0.0,0.0,0.0,0.0,to invoice,0.0,0.0,0.0,0.0,0.0,1,"[1, 'USD']",64,2025-03-10 18:09:40,"[1, 'YourCompany']",False,False,False
S00035,2025-03-10 17:09:40,"[32, 'Gemini Furniture, Oscar Morgan']","[1, 'My Company (San Francisco)']",False,"[1, 'Sales']","[2, 'Mitchell Admin']",sale,to invoice,False,False,False,"[11, 'Gemini Furniture']","[233, 'United States']",False,94535,"[13, 'California (US)']","sale.order,35","[12, 'All / Saleable / Events']","[47, 'Event Registration - VIP']","[38, 'Event Registration - VIP']","[1, 'Units']",1.0,1.0,0.0,1.0,0.0,0.0,0.0,0.0,0.0,to invoice,0.0,0.0,0.0,0.0,0.0,1,"[1, 'USD']",67,2025-03-10 18:09:40,"[1, 'YourCompany']",False,False,False
S00024,2025-03-10 17:09:19,"[11, 'Gemini Furniture']","[1, 'My Company (San Francisco)']",False,"[1, 'Sales']","[6, 'Marc Demo']",sale,no,"[4, 'Email Campaign - Products']","[4, 'Email']","[16, 'Sale Promotion 1']","[11, 'Gemini Furniture']","[233, 'United States']",False,94535,"[13, 'California (US)']","sale.order,24","[8, 'All / Saleable / Office Furniture']","[21, '[E-COM11] Cabinet with Doors']","[15, '[E-COM11] Cabinet with Doors']","[1, 'Units']",5.0,5.0,0.0,0.0,0.0,700.0,805.0,0.0,0.0,no,0.05,0.0,140.0,0.0,0.0,1,"[1, 'USD']",51,2025-03-10 18:09:19,"[1, 'YourCompany']",False,False,False
S00027,2025-03-10 17:09:19,"[11, 'Gemini Furniture']","[1, 'My Company (San Francisco)']",False,"[1, 'Sales']","[6, 'Marc Demo']",sale,no,"[4, 'Email Campaign - Products']","[4, 'Email']","[16, 'Sale Promotion 1']","[11, 'Gemini Furniture']","[233, 'United States']",False,94535,"[13, 'California (US)']","sale.order,27","[8, 'All / Saleable / Office Furniture']","[16, '[E-COM06] Corner Desk Right Sit']","[10, '[E-COM06] Corner Desk Right Sit']","[1, 'Units']",10.0,10.0,0.0,0.0,0.0,1990.0,2288.5,0.0,0.0,no,0.1,0.0,199.0,0.0,0.0,1,"[1, 'USD']",55,2025-03-10 18:09:19,"[1, 'YourCompany']",False,False,False
S00026,2025-03-10 17:09:19,"[11, 'Gemini Furniture']","[1, 'My Company (San Francisco)']",False,"[1, 'Sales']","[6, 'Marc Demo']",sale,no,"[4, 'Email Campaign - Products']","[4, 'Email']","[16, 'Sale Promotion 1']","[11, 'Gemini Furniture']","[233, 'United States']",False,94535,"[13, 'California (US)']","sale.order,26","[8, 'All / Saleable / Office Furniture']","[32, '[FURN_6667] Acoustic Bloc Screens (Wood)']","[23, 'Acoustic Bloc Screens']","[1, 'Units']",10.0,10.0,0.0,0.0,0.0,2950.0,3392.5,0.0,0.0,no,0.0,0.0,295.0,0.0,0.0,1,"[1, 'USD']",53,2025-03-10 18:09:19,"[1, 'YourCompany']",False,False,False
S00026,2025-03-10 17:09:19,"[11, 'Gemini Furniture']","[1, 'My Company (San Francisco)']",False,"[1, 'Sales']","[6, 'Marc Demo']",sale,no,"[4, 'Email Campaign - Products']","[4, 'Email']","[16, 'Sale Promotion 1']","[11, 'Gemini Furniture']","[233, 'United States']",False,94535,"[13, 'California (US)']","sale.order,26","[8, 'All / Saleable / Office Furniture']","[21, '[E-COM11] Cabinet with Doors']","[15, '[E-COM11] Cabinet with Doors']","[1, 'Units']",10.0,10.0,0.0,0.0,0.0,1400.0,1610.0,0.0,0.0,no,0.1,0.0,140.0,0.0,0.0,1,"[1, 'USD']",54,2025-03-10 18:09:19,"[1, 'YourCompany']",False,False,False
S00024,2025-03-10 17:09:19,"[11, 'Gemini Furniture']","[1, 'My Company (San Francisco)']",False,"[1, 'Sales']","[6, 'Marc Demo']",sale,no,"[4, 'Email Campaign - Products']","[4, 'Email']","[16, 'Sale Promotion 1']","[11, 'Gemini Furniture']","[233, 'United States']",False,94535,"[13, 'California (US)']","sale.order,24","[8, 'All / Saleable / Office Furniture']","[32, '[FURN_6667] Acoustic Bloc Screens (Wood)']","[23, 'Acoustic Bloc Screens']","[1, 'Units']",5.0,5.0,0.0,0.0,0.0,1475.0,1696.25,0.0,0.0,no,0.0,0.0,295.0,0.0,0.0,1,"[1, 'USD']",50,2025-03-10 18:09:19,"[1, 'YourCompany']",False,False,False
S00025,2025-03-10 17:09:19,"[11, 'Gemini Furniture']","[1, 'My Company (San Francisco)']",False,"[1, 'Sales']","[6, 'Marc Demo']",sale,no,"[4, 'Email Campaign - Products']","[4, 'Email']","[16, 'Sale Promotion 1']","[11, 'Gemini Furniture']","[233, 'United States']",False,94535,"[13, 'California (US)']","sale.order,25","[8, 'All / Saleable / Office Furniture']","[32, '[FURN_6667] Acoustic Bloc Screens (Wood)']","[23, 'Acoustic Bloc Screens']","[1, 'Units']",5.0,5.0,0.0,0.0,0.0,1475.0,1696.25,0.0,0.0,no,0.0,0.0,295.0,0.0,0.0,1,"[1, 'USD']",52,2025-03-10 18:09:19,"[1, 'YourCompany']",False,False,False
S00022,2025-03-10 17:09:17,"[10, 'Deco Addict']","[1, 'My Company (San Francisco)']",False,"[1, 'Sales']","[2, 'Mitchell Admin']",sale,to invoice,False,False,False,"[10, 'Deco Addict']","[233, 'United States']",False,94523,"[13, 'California (US)']","sale.order,22","[19, 'All / Rental']","[169, '[RENT001] Projector']","[149, '[RENT001] Projector']","[1, 'Units']",3.0,1.0,2.0,3.0,0.0,450.0,517.5,450.0,0.0,to invoice,0.0,0.0,150.0,0.0,0.0,1,"[1, 'USD']",47,2025-03-10 18:09:17,"[1, 'YourCompany']",False,False,False
S00023,2025-03-10 17:09:17,"[9, 'Wood Corner']","[1, 'My Company (San Francisco)']",False,"[1, 'Sales']","[2, 'Mitchell Admin']",sale,to invoice,False,False,False,"[9, 'Wood Corner']","[233, 'United States']",False,95380,"[13, 'California (US)']","sale.order,23","[19, 'All / Rental']","[169, '[RENT001] Projector']","[149, '[RENT001] Projector']","[1, 'Units']",2.0,0.0,2.0,2.0,0.0,200.0,230.0,200.0,0.0,to invoice,0.0,0.0,100.0,0.0,0.0,1,"[1, 'USD']",49,2025-03-10 18:09:17,"[1, 'YourCompany']",False,False,False
S00022,2025-03-10 17:09:17,"[10, 'Deco Addict']","[1, 'My Company (San Francisco)']",False,"[1, 'Sales']","[2, 'Mitchell Admin']",sale,to invoice,False,False,False,"[10, 'Deco Addict']","[233, 'United States']",False,94523,"[13, 'California (US)']","sale.order,22","[8, 'All / Saleable / Office Furniture']","[5, '[FURN_7777] Office Chair']","[5, '[FURN_7777] Office Chair']","[1, 'Units']",2.0,2.0,0.0,0.0,0.0,130.0,149.5,0.0,0.0,no,0.02,0.0,65.0,0.0,0.0,1,"[1, 'USD']",48,2025-03-10 18:09:17,"[1, 'YourCompany']",False,False,False
ClosedDemo/0006,2025-03-10 17:09:02,False,"[1, 'My Company (San Francisco)']",False,False,"[1, 'OdooBot']",sale,False,False,False,False,False,False,False,False,False,"pos.order,6","[2, 'All / Saleable']","[136, 'Pizza Vegetarian']","[116, 'Pizza Vegetarian']","[1, 'Units']",1.0,1.0,0.0,1.0,0.0,7.0,7.0,7.0,0.0,False,0.01,0.0,7.0,0.0,0.0,1,"[1, 'USD']",-11,2025-03-10 18:09:02,"[1, 'YourCompany']",False,False,False
Restaurant/00001,2025-03-10 17:09:02,"[98, 'John Doe']","[1, 'My Company (San Francisco)']",False,False,"[2, 'Mitchell Admin']",cancel,False,False,False,False,"[98, 'John Doe']",False,False,False,False,"pos.order,9","[18, 'All / Saleable / PoS / Food']","[147, 'Salmon and Avocado']","[127, 'Salmon and Avocado']","[1, 'Units']",2.0,0.0,0.0,2.0,0.0,18.5,18.5,18.5,0.0,False,0.02,0.0,9.25,0.0,0.0,1,"[1, 'USD']",-16,2025-03-10 18:09:02,"[1, 'YourCompany']",False,False,False
Restaurant/00001,2025-03-10 17:09:02,"[98, 'John Doe']","[1, 'My Company (San Francisco)']",False,False,"[2, 'Mitchell Admin']",cancel,False,False,False,False,"[98, 'John Doe']",False,False,False,False,"pos.order,9","[16, 'All / Saleable / PoS']","[148, 'Coca-Cola']","[128, 'Coca-Cola']","[1, 'Units']",2.0,0.0,0.0,2.0,0.0,4.4,4.4,4.4,0.0,False,0.02,0.0,2.2,0.0,0.0,1,"[1, 'USD']",-15,2025-03-10 18:09:02,"[1, 'YourCompany']",False,False,False
ClosedDemo/0005,2025-03-10 17:09:02,False,"[1, 'My Company (San Francisco)']",False,False,"[1, 'OdooBot']",sale,False,False,False,False,False,False,False,False,False,"pos.order,5","[2, 'All / Saleable']","[135, 'Pizza Margherita']","[115, 'Pizza Margherita']","[1, 'Units']",1.0,1.0,0.0,1.0,0.0,7.0,7.0,7.0,0.0,False,0.01,0.0,7.0,0.0,0.0,1,"[1, 'USD']",-9,2025-03-10 18:09:02,"[1, 'YourCompany']",False,False,False
Restaurant/00004,2025-03-10 17:09:02,"[98, 'John Doe']","[1, 'My Company (San Francisco)']",False,False,"[1, 'OdooBot']",cancel,False,False,False,False,"[98, 'John Doe']",False,False,False,False,"pos.order,12","[2, 'All / Saleable']","[137, 'Pasta 4 Formaggi']","[117, 'Pasta 4 Formaggi']","[1, 'Units']",1.0,0.0,0.0,1.0,0.0,5.5,5.5,5.5,0.0,False,0.01,0.0,5.5,0.0,0.0,1,"[1, 'USD']",-21,2025-03-10 18:09:02,"[1, 'YourCompany']",False,False,False
ClosedDemo/0005,2025-03-10 17:09:02,False,"[1, 'My Company (San Francisco)']",False,False,"[1, 'OdooBot']",sale,False,False,False,False,False,False,False,False,False,"pos.order,5","[18, 'All / Saleable / PoS / Food']","[138, 'Funghi']","[118, 'Funghi']","[1, 'Units']",1.0,1.0,0.0,1.0,0.0,7.0,7.0,7.0,0.0,False,0.01,0.0,7.0,0.0,0.0,1,"[1, 'USD']",-10,2025-03-10 18:09:02,"[1, 'YourCompany']",False,False,False
ClosedDemo/0008,2025-03-10 17:09:02,False,"[1, 'My Company (San Francisco)']",False,False,"[1, 'OdooBot']",sale,False,False,False,False,False,False,False,False,False,"pos.order,8","[2, 'All / Saleable']","[134, 'Cheese Burger']","[114, 'Cheese Burger']","[1, 'Units']",4.0,4.0,0.0,4.0,0.0,28.0,28.0,28.0,0.0,False,0.04,0.0,7.0,0.0,0.0,1,"[1, 'USD']",-14,2025-03-10 18:09:02,"[1, 'YourCompany']",False,False,False
ClosedDemo/0007,2025-03-10 17:09:02,False,"[1, 'My Company (San Francisco)']",False,False,"[1, 'OdooBot']",sale,False,False,False,False,False,False,False,False,False,"pos.order,7","[16, 'All / Saleable / PoS']","[149, 'Water']","[129, 'Water']","[1, 'Units']",1.0,1.0,0.0,1.0,0.0,2.2,2.2,2.2,0.0,False,0.01,0.0,2.2,0.0,0.0,1,"[1, 'USD']",-12,2025-03-10 18:09:02,"[1, 'YourCompany']",False,False,False
ClosedDemo/0007,2025-03-10 17:09:02,False,"[1, 'My Company (San Francisco)']",False,False,"[1, 'OdooBot']",sale,False,False,False,False,False,False,False,False,False,"pos.order,7","[18, 'All / Saleable / PoS / Food']","[139, 'Pasta Bolognese']","[119, 'Pasta Bolognese']","[1, 'Units']",1.0,1.0,0.0,1.0,0.0,4.5,4.5,4.5,0.0,False,0.01,0.0,4.5,0.0,0.0,1,"[1, 'USD']",-13,2025-03-10 18:09:02,"[1, 'YourCompany']",False,False,False
Restaurant/00002,2025-03-10 17:09:02,"[98, 'John Doe']","[1, 'My Company (San Francisco)']",False,False,"[1, 'OdooBot']",cancel,False,False,False,False,"[98, 'John Doe']",False,False,False,False,"pos.order,10","[18, 'All / Saleable / PoS / Food']","[146, 'Lunch Temaki mix 3pc']","[126, 'Lunch Temaki mix 3pc']","[1, 'Units']",1.0,0.0,0.0,1.0,0.0,14.0,14.0,14.0,0.0,False,0.01,0.0,14.0,0.0,0.0,1,"[1, 'USD']",-17,2025-03-10 18:09:02,"[1, 'YourCompany']",False,False,False
Restaurant/00003,2025-03-10 17:09:02,"[98, 'John Doe']","[1, 'My Company (San Francisco)']",False,False,"[1, 'OdooBot']",cancel,False,False,False,False,"[98, 'John Doe']",False,False,False,False,"pos.order,11","[18, 'All / Saleable / PoS / Food']","[140, 'Chicken Curry Sandwich']","[120, 'Chicken Curry Sandwich']","[1, 'Units']",1.0,0.0,0.0,1.0,0.0,3.0,3.0,3.0,0.0,False,0.01,0.0,3.0,0.0,0.0,1,"[1, 'USD']",-19,2025-03-10 18:09:02,"[1, 'YourCompany']",False,False,False
Restaurant/00003,2025-03-10 17:09:02,"[98, 'John Doe']","[1, 'My Company (San Francisco)']",False,False,"[1, 'OdooBot']",cancel,False,False,False,False,"[98, 'John Doe']",False,False,False,False,"pos.order,11","[2, 'All / Saleable']","[133, 'Bacon Burger']","[113, 'Bacon Burger']","[1, 'Units']",1.0,0.0,0.0,1.0,0.0,7.5,7.5,7.5,0.0,False,0.01,0.0,7.5,0.0,0.0,1,"[1, 'USD']",-20,2025-03-10 18:09:02,"[1, 'YourCompany']",False,False,False
Restaurant/00002,2025-03-10 17:09:02,"[98, 'John Doe']","[1, 'My Company (San Francisco)']",False,False,"[1, 'OdooBot']",cancel,False,False,False,False,"[98, 'John Doe']",False,False,False,False,"pos.order,10","[18, 'All / Saleable / PoS / Food']","[142, 'Mozzarella Sandwich']","[122, 'Mozzarella Sandwich']","[1, 'Units']",2.0,0.0,0.0,2.0,0.0,7.8,7.8,7.8,0.0,False,0.02,0.0,3.9,0.0,0.0,1,"[1, 'USD']",-18,2025-03-10 18:09:02,"[1, 'YourCompany']",False,False,False
S00012,2025-03-10 17:08:23,"[11, 'Gemini Furniture']","[1, 'My Company (San Francisco)']",False,"[4, 'Pre-Sales']","[6, 'Marc Demo']",sale,no,"[4, 'Email Campaign - Products']","[4, 'Email']","[16, 'Sale Promotion 1']","[11, 'Gemini Furniture']","[233, 'United States']",False,94535,"[13, 'California (US)']","sale.order,12","[8, 'All / Saleable / Office Furniture']","[25, '[FURN_0269] Office Chair Black']","[17, '[FURN_0269] Office Chair Black']","[1, 'Units']",2.0,2.0,0.0,0.0,0.0,241.0,277.15,0.0,0.0,no,0.02,0.0,120.5,0.0,0.0,1,"[1, 'USD']",27,2025-03-10 18:08:23,"[1, 'YourCompany']",False,False,False
S00016,2025-03-10 17:08:23,"[11, 'Gemini Furniture']","[1, 'My Company (San Francisco)']",False,"[1, 'Sales']","[6, 'Marc Demo']",sale,no,"[4, 'Email Campaign - Products']","[4, 'Email']","[16, 'Sale Promotion 1']","[11, 'Gemini Furniture']","[233, 'United States']",False,94535,"[13, 'California (US)']","sale.order,16","[8, 'All / Saleable / Office Furniture']","[32, '[FURN_6667] Acoustic Bloc Screens (Wood)']","[23, 'Acoustic Bloc Screens']","[1, 'Units']",3.0,3.0,0.0,0.0,0.0,825.0,948.75,0.0,0.0,no,0.0,0.0,275.0,0.0,0.0,1,"[1, 'USD']",34,2025-03-10 18:08:23,"[1, 'YourCompany']",False,False,False
S00006,2025-03-10 17:08:23,"[16, 'Lumber Inc']","[1, 'My Company (San Francisco)']",False,"[4, 'Pre-Sales']","[2, 'Mitchell Admin']",sale,no,"[4, 'Email Campaign - Products']","[4, 'Email']","[16, 'Sale Promotion 1']","[16, 'Lumber Inc']","[233, 'United States']",False,95202,"[13, 'California (US)']","sale.order,6","[8, 'All / Saleable / Office Furniture']","[12, '[FURN_0096] Customizable Desk (Steel, White)']","[9, 'Customizable Desk']","[1, 'Units']",1.0,1.0,0.0,0.0,0.0,750.0,862.5,0.0,0.0,no,0.01,0.0,750.0,0.0,0.0,1,"[1, 'USD']",13,2025-03-10 18:08:23,"[1, 'YourCompany']",False,False,False
S00004,2025-03-10 17:08:23,"[11, 'Gemini Furniture']","[1, 'My Company (San Francisco)']",False,"[1, 'Sales']","[2, 'Mitchell Admin']",sale,no,"[4, 'Email Campaign - Products']","[4, 'Email']","[16, 'Sale Promotion 1']","[11, 'Gemini Furniture']","[233, 'United States']",False,94535,"[13, 'California (US)']","sale.order,4","[8, 'All / Saleable / Office Furniture']","[6, '[FURN_8888] Office Lamp']","[6, '[FURN_8888] Office Lamp']","[1, 'Units']",10.0,10.0,0.0,0.0,0.0,450.0,517.5,0.0,0.0,no,0.1,0.0,45.0,0.0,0.0,1,"[1, 'USD']",9,2025-03-10 18:08:23,"[1, 'YourCompany']",False,False,False
S00004,2025-03-10 17:08:23,"[11, 'Gemini Furniture']","[1, 'My Company (San Francisco)']",False,"[1, 'Sales']","[2, 'Mitchell Admin']",sale,no,"[4, 'Email Campaign - Products']","[4, 'Email']","[16, 'Sale Promotion 1']","[11, 'Gemini Furniture']","[233, 'United States']",False,94535,"[13, 'California (US)']","sale.order,4","[8, 'All / Saleable / Office Furniture']","[5, '[FURN_7777] Office Chair']","[5, '[FURN_7777] Office Chair']","[1, 'Units']",2.0,2.0,0.0,0.0,0.0,140.0,161.0,0.0,0.0,no,0.02,0.0,70.0,0.0,0.0,1,"[1, 'USD']",11,2025-03-10 18:08:23,"[1, 'YourCompany']",False,False,False
S00014,2025-03-10 17:08:23,"[11, 'Gemini Furniture']","[1, 'My Company (San Francisco)']",False,"[1, 'Sales']","[6, 'Marc Demo']",sale,no,"[4, 'Email Campaign - Products']","[4, 'Email']","[16, 'Sale Promotion 1']","[11, 'Gemini Furniture']","[233, 'United States']",False,94535,"[13, 'California (US)']","sale.order,14","[8, 'All / Saleable / Office Furniture']","[32, '[FURN_6667] Acoustic Bloc Screens (Wood)']","[23, 'Acoustic Bloc Screens']","[1, 'Units']",4.0,4.0,0.0,0.0,0.0,1100.0,1265.0,0.0,0.0,no,0.0,0.0,275.0,0.0,0.0,1,"[1, 'USD']",30,2025-03-10 18:08:23,"[1, 'YourCompany']",False,False,False
S00007,2025-03-10 17:08:23,"[11, 'Gemini Furniture']","[1, 'My Company (San Francisco)']",False,"[1, 'Sales']","[2, 'Mitchell Admin']",sale,to invoice,"[4, 'Email Campaign - Products']","[4, 'Email']","[16, 'Sale Promotion 1']","[11, 'Gemini Furniture']","[233, 'United States']",False,94535,"[13, 'California (US)']","sale.order,7","[8, 'All / Saleable / Office Furniture']","[32, '[FURN_6667] Acoustic Bloc Screens (Wood)']","[23, 'Acoustic Bloc Screens']","[1, 'Units']",5.0,5.0,0.0,0.0,0.0,1475.0,1696.25,0.0,0.0,no,0.0,0.0,295.0,0.0,0.0,1,"[1, 'USD']",14,2025-03-10 18:08:23,"[1, 'YourCompany']",False,False,False
S00008,2025-03-10 17:08:23,"[11, 'Gemini Furniture']","[1, 'My Company (San Francisco)']",False,"[4, 'Pre-Sales']","[6, 'Marc Demo']",sale,no,"[4, 'Email Campaign - Products']","[4, 'Email']","[16, 'Sale Promotion 1']","[11, 'Gemini Furniture']","[233, 'United States']",False,94535,"[13, 'California (US)']","sale.order,8","[8, 'All / Saleable / Office Furniture']","[33, '[FURN_8855] Drawer']","[24, '[FURN_8855] Drawer']","[1, 'Units']",2.0,2.0,0.0,0.0,0.0,221.0,254.15,0.0,0.0,no,0.02,0.0,110.5,0.0,0.0,1,"[1, 'USD']",18,2025-03-10 18:08:23,"[1, 'YourCompany']",False,False,False
S00004,2025-03-10 17:08:23,"[11, 'Gemini Furniture']","[1, 'My Company (San Francisco)']",False,"[1, 'Sales']","[2, 'Mitchell Admin']",sale,no,"[4, 'Email Campaign - Products']","[4, 'Email']","[16, 'Sale Promotion 1']","[11, 'Gemini Furniture']","[233, 'United States']",False,94535,"[13, 'California (US)']","sale.order,4","[5, 'All / Saleable / Services']","[3, 'Virtual Interior Design']","[3, 'Virtual Interior Design']","[4, 'Hours']",16.0,16.0,0.0,0.0,0.0,1200.0,1380.0,0.0,0.0,no,0.0,0.0,75.0,0.0,0.0,1,"[1, 'USD']",8,2025-03-10 18:08:23,"[1, 'YourCompany']",False,False,False
S00013,2025-03-10 17:08:23,"[11, 'Gemini Furniture']","[1, 'My Company (San Francisco)']",False,"[4, 'Pre-Sales']","[6, 'Marc Demo']",sale,no,"[4, 'Email Campaign - Products']","[4, 'Email']","[16, 'Sale Promotion 1']","[11, 'Gemini Furniture']","[233, 'United States']",False,94535,"[13, 'California (US)']","sale.order,13","[8, 'All / Saleable / Office Furniture']","[32, '[FURN_6667] Acoustic Bloc Screens (Wood)']","[23, 'Acoustic Bloc Screens']","[1, 'Units']",1.0,1.0,0.0,0.0,0.0,295.0,339.25,0.0,0.0,no,0.0,0.0,295.0,0.0,0.0,1,"[1, 'USD']",28,2025-03-10 18:08:23,"[1, 'YourCompany']",False,False,False
S00007,2025-03-10 17:08:23,"[11, 'Gemini Furniture']","[1, 'My Company (San Francisco)']",False,"[1, 'Sales']","[2, 'Mitchell Admin']",sale,to invoice,"[4, 'Email Campaign - Products']","[4, 'Email']","[16, 'Sale Promotion 1']","[11, 'Gemini Furniture']","[233, 'United States']",False,94535,"[13, 'California (US)']","sale.order,7","[8, 'All / Saleable / Office Furniture']","[36, '[FURN_8999] Three-Seat Sofa']","[27, '[FURN_8999] Three-Seat Sofa']","[1, 'Units']",1.0,1.0,0.0,1.0,0.0,173.0,198.95,173.0,0.0,to invoice,0.01,0.0,173.0,0.0,0.0,1,"[1, 'USD']",15,2025-03-10 18:08:23,"[1, 'YourCompany']",False,False,False
S00016,2025-03-10 17:08:23,"[11, 'Gemini Furniture']","[1, 'My Company (San Francisco)']",False,"[1, 'Sales']","[6, 'Marc Demo']",sale,no,"[4, 'Email Campaign - Products']","[4, 'Email']","[16, 'Sale Promotion 1']","[11, 'Gemini Furniture']","[233, 'United States']",False,94535,"[13, 'California (US)']","sale.order,16","[8, 'All / Saleable / Office Furniture']","[25, '[FURN_0269] Office Chair Black']","[17, '[FURN_0269] Office Chair Black']","[1, 'Units']",3.0,3.0,0.0,0.0,0.0,361.5,415.73,0.0,0.0,no,0.03,0.0,120.5,0.0,0.0,1,"[1, 'USD']",35,2025-03-10 18:08:23,"[1, 'YourCompany']",False,False,False
S00013,2025-03-10 17:08:23,"[11, 'Gemini Furniture']","[1, 'My Company (San Francisco)']",False,"[4, 'Pre-Sales']","[6, 'Marc Demo']",sale,no,"[4, 'Email Campaign - Products']","[4, 'Email']","[16, 'Sale Promotion 1']","[11, 'Gemini Furniture']","[233, 'United States']",False,94535,"[13, 'California (US)']","sale.order,13","[8, 'All / Saleable / Office Furniture']","[25, '[FURN_0269] Office Chair Black']","[17, '[FURN_0269] Office Chair Black']","[1, 'Units']",1.0,1.0,0.0,0.0,0.0,120.5,138.58,0.0,0.0,no,0.01,0.0,120.5,0.0,0.0,1,"[1, 'USD']",29,2025-03-10 18:08:23,"[1, 'YourCompany']",False,False,False
S00007,2025-03-10 17:08:23,"[11, 'Gemini Furniture']","[1, 'My Company (San Francisco)']",False,"[1, 'Sales']","[2, 'Mitchell Admin']",sale,to invoice,"[4, 'Email Campaign - Products']","[4, 'Email']","[16, 'Sale Promotion 1']","[11, 'Gemini Furniture']","[233, 'United States']",False,94535,"[13, 'California (US)']","sale.order,7","[8, 'All / Saleable / Office Furniture']","[6, '[FURN_8888] Office Lamp']","[6, '[FURN_8888] Office Lamp']","[1, 'Units']",1.0,1.0,0.0,0.0,0.0,40.0,46.0,0.0,0.0,no,0.01,0.0,40.0,0.0,0.0,1,"[1, 'USD']",16,2025-03-10 18:08:23,"[1, 'YourCompany']",False,False,False
S00014,2025-03-10 17:08:23,"[11, 'Gemini Furniture']","[1, 'My Company (San Francisco)']",False,"[1, 'Sales']","[6, 'Marc Demo']",sale,no,"[4, 'Email Campaign - Products']","[4, 'Email']","[16, 'Sale Promotion 1']","[11, 'Gemini Furniture']","[233, 'United States']",False,94535,"[13, 'California (US)']","sale.order,14","[8, 'All / Saleable / Office Furniture']","[25, '[FURN_0269] Office Chair Black']","[17, '[FURN_0269] Office Chair Black']","[1, 'Units']",4.0,4.0,0.0,0.0,0.0,482.0,554.3,0.0,0.0,no,0.04,0.0,120.5,0.0,0.0,1,"[1, 'USD']",31,2025-03-10 18:08:23,"[1, 'YourCompany']",False,False,False
S00010,2025-03-10 17:08:23,"[11, 'Gemini Furniture']","[1, 'My Company (San Francisco)']",False,"[4, 'Pre-Sales']","[6, 'Marc Demo']",sale,no,"[4, 'Email Campaign - Products']","[4, 'Email']","[16, 'Sale Promotion 1']","[11, 'Gemini Furniture']","[233, 'United States']",False,94535,"[13, 'California (US)']","sale.order,10","[8, 'All / Saleable / Office Furniture']","[25, '[FURN_0269] Office Chair Black']","[17, '[FURN_0269] Office Chair Black']","[1, 'Units']",2.0,2.0,0.0,0.0,0.0,241.0,277.15,0.0,0.0,no,0.02,0.0,120.5,0.0,0.0,1,"[1, 'USD']",23,2025-03-10 18:08:23,"[1, 'YourCompany']",False,False,False
S00007,2025-03-10 17:08:23,"[11, 'Gemini Furniture']","[1, 'My Company (San Francisco)']",False,"[1, 'Sales']","[2, 'Mitchell Admin']",sale,to invoice,"[4, 'Email Campaign - Products']","[4, 'Email']","[16, 'Sale Promotion 1']","[11, 'Gemini Furniture']","[233, 'United States']",False,94535,"[13, 'California (US)']","sale.order,7","[8, 'All / Saleable / Office Furniture']","[5, '[FURN_7777] Office Chair']","[5, '[FURN_7777] Office Chair']","[1, 'Units']",1.0,1.0,0.0,0.0,0.0,18.0,20.7,0.0,0.0,no,0.01,0.0,18.0,0.0,0.0,1,"[1, 'USD']",17,2025-03-10 18:08:23,"[1, 'YourCompany']",False,False,False
S00012,2025-03-10 17:08:23,"[11, 'Gemini Furniture']","[1, 'My Company (San Francisco)']",False,"[4, 'Pre-Sales']","[6, 'Marc Demo']",sale,no,"[4, 'Email Campaign - Products']","[4, 'Email']","[16, 'Sale Promotion 1']","[11, 'Gemini Furniture']","[233, 'United States']",False,94535,"[13, 'California (US)']","sale.order,12","[8, 'All / Saleable / Office Furniture']","[32, '[FURN_6667] Acoustic Bloc Screens (Wood)']","[23, 'Acoustic Bloc Screens']","[1, 'Units']",1.0,1.0,0.0,0.0,0.0,315.0,362.25,0.0,0.0,no,0.0,0.0,315.0,0.0,0.0,1,"[1, 'USD']",26,2025-03-10 18:08:23,"[1, 'YourCompany']",False,False,False
S00008,2025-03-10 17:08:23,"[11, 'Gemini Furniture']","[1, 'My Company (San Francisco)']",False,"[4, 'Pre-Sales']","[6, 'Marc Demo']",sale,no,"[4, 'Email Campaign - Products']","[4, 'Email']","[16, 'Sale Promotion 1']","[11, 'Gemini Furniture']","[233, 'United States']",False,94535,"[13, 'California (US)']","sale.order,8","[8, 'All / Saleable / Office Furniture']","[25, '[FURN_0269] Office Chair Black']","[17, '[FURN_0269] Office Chair Black']","[1, 'Units']",2.0,2.0,0.0,0.0,0.0,241.0,277.15,0.0,0.0,no,0.02,0.0,120.5,0.0,0.0,1,"[1, 'USD']",19,2025-03-10 18:08:23,"[1, 'YourCompany']",False,False,False
S00004,2025-03-10 17:08:23,"[11, 'Gemini Furniture']","[1, 'My Company (San Francisco)']",False,"[1, 'Sales']","[2, 'Mitchell Admin']",sale,no,"[4, 'Email Campaign - Products']","[4, 'Email']","[16, 'Sale Promotion 1']","[11, 'Gemini Furniture']","[233, 'United States']",False,94535,"[13, 'California (US)']","sale.order,4","[8, 'All / Saleable / Office Furniture']","[35, '[FURN_6741] Large Meeting Table']","[26, '[FURN_6741] Large Meeting Table']","[1, 'Units']",3.0,3.0,0.0,0.0,0.0,450.0,517.5,0.0,0.0,no,0.03,0.0,150.0,0.0,0.0,1,"[1, 'USD']",10,2025-03-10 18:08:23,"[1, 'YourCompany']",False,False,False
S00010,2025-03-10 17:08:23,"[11, 'Gemini Furniture']","[1, 'My Company (San Francisco)']",False,"[4, 'Pre-Sales']","[6, 'Marc Demo']",sale,no,"[4, 'Email Campaign - Products']","[4, 'Email']","[16, 'Sale Promotion 1']","[11, 'Gemini Furniture']","[233, 'United States']",False,94535,"[13, 'California (US)']","sale.order,10","[8, 'All / Saleable / Office Furniture']","[32, '[FURN_6667] Acoustic Bloc Screens (Wood)']","[23, 'Acoustic Bloc Screens']","[1, 'Units']",2.0,2.0,0.0,0.0,0.0,510.0,586.5,0.0,0.0,no,0.0,0.0,255.0,0.0,0.0,1,"[1, 'USD']",22,2025-03-10 18:08:23,"[1, 'YourCompany']",False,False,False
S00003,2025-03-10 17:08:22,"[12, 'Ready Mat']","[1, 'My Company (San Francisco)']",False,"[1, 'Sales']","[2, 'Mitchell Admin']",draft,no,"[4, 'Email Campaign - Products']","[4, 'Email']","[16, 'Sale Promotion 1']","[12, 'Ready Mat']","[233, 'United States']",False,95304,"[13, 'California (US)']","sale.order,3","[8, 'All / Saleable / Office Furniture']","[5, '[FURN_7777] Office Chair']","[5, '[FURN_7777] Office Chair']","[1, 'Units']",1.0,1.0,0.0,0.0,0.0,70.0,80.5,0.0,0.0,no,0.01,0.0,70.0,0.0,0.0,1,"[1, 'USD']",7,2025-03-10 18:08:22,"[1, 'YourCompany']",False,False,False
S00003,2025-03-10 17:08:22,"[12, 'Ready Mat']","[1, 'My Company (San Francisco)']",False,"[1, 'Sales']","[2, 'Mitchell Admin']",draft,no,"[4, 'Email Campaign - Products']","[4, 'Email']","[16, 'Sale Promotion 1']","[12, 'Ready Mat']","[233, 'United States']",False,95304,"[13, 'California (US)']","sale.order,3","[5, 'All / Saleable / Services']","[3, 'Virtual Interior Design']","[3, 'Virtual Interior Design']","[4, 'Hours']",10.0,10.0,0.0,0.0,0.0,307.5,353.63,0.0,0.0,no,0.0,0.0,30.75,0.0,0.0,1,"[1, 'USD']",6,2025-03-10 18:08:22,"[1, 'YourCompany']",False,False,False
S00003,2025-03-10 17:08:22,"[12, 'Ready Mat']","[1, 'My Company (San Francisco)']",False,"[1, 'Sales']","[2, 'Mitchell Admin']",draft,no,"[4, 'Email Campaign - Products']","[4, 'Email']","[16, 'Sale Promotion 1']","[12, 'Ready Mat']","[233, 'United States']",False,95304,"[13, 'California (US)']","sale.order,3","[5, 'All / Saleable / Services']","[129, 'Deposit']","[109, 'Deposit']","[1, 'Units']",5.0,5.0,0.0,0.0,0.0,750.0,750.0,0.0,0.0,no,0.0,0.0,150.0,0.0,0.0,1,"[1, 'USD']",110,2025-03-10 18:08:22,"[1, 'YourCompany']",False,False,False
ClosedDemo/0003,2025-03-10 17:08:08,False,"[1, 'My Company (San Francisco)']",False,False,"[1, 'OdooBot']",sale,False,False,False,False,False,False,False,False,False,"pos.order,3","[8, 'All / Saleable / Office Furniture']","[87, '[FURN_0004] Letter Tray']","[69, '[FURN_0004] Letter Tray']","[1, 'Units']",1.0,1.0,0.0,1.0,0.0,4.8,4.8,4.8,0.0,False,0.01,0.0,4.8,0.0,0.0,1,"[1, 'USD']",-5,2025-03-10 18:08:08,"[1, 'YourCompany']",False,False,False
ClosedDemo/0004,2025-03-10 17:08:08,False,"[1, 'My Company (San Francisco)']",False,False,"[1, 'OdooBot']",sale,False,False,False,False,False,False,False,False,False,"pos.order,4","[8, 'All / Saleable / Office Furniture']","[88, '[FURN_0005] Magnetic Board']","[70, '[FURN_0005] Magnetic Board']","[1, 'Units']",1.0,1.0,0.0,1.0,0.0,1.98,1.98,1.98,0.0,False,0.01,0.0,1.98,0.0,0.0,1,"[1, 'USD']",-7,2025-03-10 18:08:08,"[1, 'YourCompany']",False,False,False
ClosedDemo/0003,2025-03-10 17:08:08,False,"[1, 'My Company (San Francisco)']",False,False,"[1, 'OdooBot']",sale,False,False,False,False,False,False,False,False,False,"pos.order,3","[8, 'All / Saleable / Office Furniture']","[40, '[FURN_0001] Desk Organizer']","[31, '[FURN_0001] Desk Organizer']","[1, 'Units']",1.0,1.0,0.0,1.0,0.0,5.1,5.1,5.1,0.0,False,0.01,0.0,5.1,0.0,0.0,1,"[1, 'USD']",-6,2025-03-10 18:08:08,"[1, 'YourCompany']",False,False,False
ClosedDemo/0004,2025-03-10 17:08:08,False,"[1, 'My Company (San Francisco)']",False,False,"[1, 'OdooBot']",sale,False,False,False,False,False,False,False,False,False,"pos.order,4","[8, 'All / Saleable / Office Furniture']","[42, '[FURN_0006] Monitor Stand']","[33, '[FURN_0006] Monitor Stand']","[1, 'Units']",2.0,2.0,0.0,2.0,0.0,6.38,6.38,6.38,0.0,False,0.02,0.0,3.19,0.0,0.0,1,"[1, 'USD']",-8,2025-03-10 18:08:08,"[1, 'YourCompany']",False,False,False
ClosedDemo/0002,2025-03-10 17:08:07,False,"[1, 'My Company (San Francisco)']",False,False,"[1, 'OdooBot']",sale,False,False,False,False,False,False,False,False,False,"pos.order,2","[8, 'All / Saleable / Office Furniture']","[87, '[FURN_0004] Letter Tray']","[69, '[FURN_0004] Letter Tray']","[1, 'Units']",1.0,1.0,0.0,1.0,0.0,4.8,4.8,4.8,0.0,False,0.01,0.0,4.8,0.0,0.0,1,"[1, 'USD']",-4,2025-03-10 18:08:07,"[1, 'YourCompany']",False,False,False
ClosedDemo/0002,2025-03-10 17:08:07,False,"[1, 'My Company (San Francisco)']",False,False,"[1, 'OdooBot']",sale,False,False,False,False,False,False,False,False,False,"pos.order,2","[8, 'All / Saleable / Office Furniture']","[88, '[FURN_0005] Magnetic Board']","[70, '[FURN_0005] Magnetic Board']","[1, 'Units']",1.0,1.0,0.0,1.0,0.0,1.98,1.98,1.98,0.0,False,0.01,0.0,1.98,0.0,0.0,1,"[1, 'USD']",-3,2025-03-10 18:08:07,"[1, 'YourCompany']",False,False,False
ClosedDemo/0001,2025-03-10 17:08:07,False,"[1, 'My Company (San Francisco)']",False,False,"[1, 'OdooBot']",sale,False,False,False,False,False,False,False,False,False,"pos.order,1","[8, 'All / Saleable / Office Furniture']","[86, '[FURN_0008] Small Shelf']","[68, '[FURN_0008] Small Shelf']","[1, 'Units']",1.0,1.0,0.0,1.0,0.0,2.83,2.83,2.83,0.0,False,0.01,0.0,2.83,0.0,0.0,1,"[1, 'USD']",-2,2025-03-10 18:08:07,"[1, 'YourCompany']",False,False,False
ClosedDemo/0001,2025-03-10 17:08:07,False,"[1, 'My Company (San Francisco)']",False,False,"[1, 'OdooBot']",sale,False,False,False,False,False,False,False,False,False,"pos.order,1","[8, 'All / Saleable / Office Furniture']","[85, '[FURN_0009] Wall Shelf Unit']","[67, '[FURN_0009] Wall Shelf Unit']","[1, 'Units']",1.0,1.0,0.0,1.0,0.0,1.98,1.98,1.98,0.0,False,0.01,0.0,1.98,0.0,0.0,1,"[1, 'USD']",-1,2025-03-10 18:08:07,"[1, 'YourCompany']",False,False,False
S00053,2025-03-10 16:10:23,"[11, 'Gemini Furniture']","[1, 'My Company (San Francisco)']","[2, 'Benelux (USD)']","[2, 'Website']","[6, 'Marc Demo']",draft,no,False,False,False,"[11, 'Gemini Furniture']","[233, 'United States']",False,94535,"[13, 'California (US)']","sale.order,53","[8, 'All / Saleable / Office Furniture']","[20, '[E-COM10] Pedal Bin']","[14, '[E-COM10] Pedal Bin']","[1, 'Units']",1.0,1.0,0.0,0.0,0.0,47.0,54.05,0.0,0.0,no,0.01,0.0,47.0,0.0,0.0,1,"[1, 'USD']",89,2025-03-10 17:10:23,"[1, 'YourCompany']","[1, 'My Website']",True,False
S00054,2025-03-10 16:10:23,"[11, 'Gemini Furniture']","[1, 'My Company (San Francisco)']",False,"[2, 'Website']","[6, 'Marc Demo']",sent,no,False,False,False,"[11, 'Gemini Furniture']","[233, 'United States']",False,94535,"[13, 'California (US)']","sale.order,54","[8, 'All / Saleable / Office Furniture']","[19, '[E-COM09] Large Desk']","[13, '[E-COM09] Large Desk']","[1, 'Units']",1.0,1.0,0.0,0.0,0.0,1799.0,2068.85,0.0,0.0,no,9.54,0.0,1799.0,0.0,0.0,1,"[1, 'USD']",90,2025-03-10 17:10:23,"[1, 'YourCompany']","[1, 'My Website']",False,False
S00051,2025-03-10 15:10:23,"[11, 'Gemini Furniture']","[1, 'My Company (San Francisco)']","[2, 'Benelux (USD)']","[2, 'Website']","[6, 'Marc Demo']",draft,no,False,False,False,"[11, 'Gemini Furniture']","[233, 'United States']",False,94535,"[13, 'California (US)']","sale.order,51","[8, 'All / Saleable / Office Furniture']","[32, '[FURN_6667] Acoustic Bloc Screens (Wood)']","[23, 'Acoustic Bloc Screens']","[1, 'Units']",1.0,1.0,0.0,0.0,0.0,295.0,339.25,0.0,0.0,no,0.0,0.0,295.0,0.0,0.0,1,"[1, 'USD']",86,2025-03-10 16:10:23,"[1, 'YourCompany']","[1, 'My Website']",True,False
S00051,2025-03-10 15:10:23,"[11, 'Gemini Furniture']","[1, 'My Company (San Francisco)']","[2, 'Benelux (USD)']","[2, 'Website']","[6, 'Marc Demo']",draft,no,False,False,False,"[11, 'Gemini Furniture']","[233, 'United States']",False,94535,"[13, 'California (US)']","sale.order,51","[8, 'All / Saleable / Office Furniture']","[25, '[FURN_0269] Office Chair Black']","[17, '[FURN_0269] Office Chair Black']","[1, 'Units']",1.0,1.0,0.0,0.0,0.0,120.5,138.58,0.0,0.0,no,0.01,0.0,120.5,0.0,0.0,1,"[1, 'USD']",87,2025-03-10 16:10:23,"[1, 'YourCompany']","[1, 'My Website']",True,False
S00029,2025-03-10 05:09:40,"[18, 'Wood Corner, Ron Gibson']","[1, 'My Company (San Francisco)']",False,"[1, 'Sales']","[2, 'Mitchell Admin']",sale,to invoice,False,False,False,"[9, 'Wood Corner']","[233, 'United States']",False,95380,"[13, 'California (US)']","sale.order,29","[12, 'All / Saleable / Events']","[47, 'Event Registration - VIP']","[38, 'Event Registration - VIP']","[1, 'Units']",1.0,1.0,0.0,1.0,0.0,1500.0,1725.0,1500.0,0.0,to invoice,0.0,0.0,1500.0,0.0,0.0,1,"[1, 'USD']",59,2025-03-10 06:09:40,"[1, 'YourCompany']",False,False,False
S00029,2025-03-10 05:09:40,"[18, 'Wood Corner, Ron Gibson']","[1, 'My Company (San Francisco)']",False,"[1, 'Sales']","[2, 'Mitchell Admin']",sale,to invoice,False,False,False,"[9, 'Wood Corner']","[233, 'United States']",False,95380,"[13, 'California (US)']","sale.order,29","[12, 'All / Saleable / Events']","[46, 'Event Registration - Standard']","[37, 'Event Registration - Standard']","[1, 'Units']",2.0,2.0,0.0,2.0,0.0,2000.0,2300.0,2000.0,0.0,to invoice,0.0,0.0,1000.0,0.0,0.0,1,"[1, 'USD']",58,2025-03-10 06:09:40,"[1, 'YourCompany']",False,False,False
S00049,2025-03-09 17:10:23,"[11, 'Gemini Furniture']","[1, 'My Company (San Francisco)']",False,"[2, 'Website']","[6, 'Marc Demo']",sale,no,False,False,False,"[11, 'Gemini Furniture']","[233, 'United States']",False,94535,"[13, 'California (US)']","sale.order,49","[8, 'All / Saleable / Office Furniture']","[19, '[E-COM09] Large Desk']","[13, '[E-COM09] Large Desk']","[1, 'Units']",1.0,1.0,0.0,0.0,0.0,1349.0,1551.35,0.0,0.0,no,9.54,0.0,1349.0,0.0,0.0,1,"[1, 'USD']",84,2025-03-09 18:10:23,"[1, 'YourCompany']","[1, 'My Website']",False,False
S00030,2025-03-09 17:09:40,"[19, 'Deco Addict, Douglas Fletcher']","[1, 'My Company (San Francisco)']",False,"[1, 'Sales']","[2, 'Mitchell Admin']",sale,to invoice,False,False,False,"[10, 'Deco Addict']","[233, 'United States']",False,94523,"[13, 'California (US)']","sale.order,30","[12, 'All / Saleable / Events']","[46, 'Event Registration - Standard']","[37, 'Event Registration - Standard']","[1, 'Units']",2.0,2.0,0.0,2.0,0.0,2000.0,2300.0,2000.0,0.0,to invoice,0.0,0.0,1000.0,0.0,0.0,1,"[1, 'USD']",60,2025-03-09 18:09:40,"[1, 'YourCompany']",False,False,False
S00048,2025-03-08 17:10:23,"[11, 'Gemini Furniture']","[1, 'My Company (San Francisco)']",False,"[2, 'Website']","[6, 'Marc Demo']",sale,no,False,False,False,"[11, 'Gemini Furniture']","[233, 'United States']",False,94535,"[13, 'California (US)']","sale.order,48","[8, 'All / Saleable / Office Furniture']","[19, '[E-COM09] Large Desk']","[13, '[E-COM09] Large Desk']","[1, 'Units']",1.0,1.0,0.0,0.0,0.0,1599.0,1838.85,0.0,0.0,no,9.54,0.0,1599.0,0.0,0.0,1,"[1, 'USD']",83,2025-03-08 18:10:23,"[1, 'YourCompany']",False,False,False
S00028,2025-03-08 17:09:40,"[17, 'Wood Corner, Willie Burke']","[1, 'My Company (San Francisco)']",False,"[1, 'Sales']","[2, 'Mitchell Admin']",sale,to invoice,False,False,False,"[9, 'Wood Corner']","[233, 'United States']",False,95380,"[13, 'California (US)']","sale.order,28","[12, 'All / Saleable / Events']","[46, 'Event Registration - Standard']","[37, 'Event Registration - Standard']","[1, 'Units']",2.0,2.0,0.0,2.0,0.0,2000.0,2300.0,2000.0,0.0,to invoice,0.0,0.0,1000.0,0.0,0.0,1,"[1, 'USD']",56,2025-03-08 18:09:40,"[1, 'YourCompany']",False,False,False
S00028,2025-03-08 17:09:40,"[17, 'Wood Corner, Willie Burke']","[1, 'My Company (San Francisco)']",False,"[1, 'Sales']","[2, 'Mitchell Admin']",sale,to invoice,False,False,False,"[9, 'Wood Corner']","[233, 'United States']",False,95380,"[13, 'California (US)']","sale.order,28","[12, 'All / Saleable / Events']","[45, 'Event Registration']","[36, 'Event Registration']","[1, 'Units']",1.0,1.0,0.0,1.0,0.0,0.0,0.0,0.0,0.0,to invoice,0.0,0.0,0.0,0.0,0.0,1,"[1, 'USD']",57,2025-03-08 18:09:40,"[1, 'YourCompany']",False,False,False
S00047,2025-03-07 17:10:23,"[11, 'Gemini Furniture']","[1, 'My Company (San Francisco)']",False,"[2, 'Website']","[6, 'Marc Demo']",sale,no,False,False,False,"[11, 'Gemini Furniture']","[233, 'United States']",False,94535,"[13, 'California (US)']","sale.order,47","[8, 'All / Saleable / Office Furniture']","[12, '[FURN_0096] Customizable Desk (Steel, White)']","[9, 'Customizable Desk']","[1, 'Units']",3.0,3.0,0.0,0.0,0.0,1047.0,1204.05,0.0,0.0,no,0.03,0.0,349.0,0.0,0.0,1,"[1, 'USD']",82,2025-03-07 18:10:23,"[1, 'YourCompany']",False,False,False
S00046,2025-03-06 17:10:23,"[11, 'Gemini Furniture']","[1, 'My Company (San Francisco)']",False,"[2, 'Website']","[6, 'Marc Demo']",sale,no,False,False,False,"[11, 'Gemini Furniture']","[233, 'United States']",False,94535,"[13, 'California (US)']","sale.order,46","[8, 'All / Saleable / Office Furniture']","[19, '[E-COM09] Large Desk']","[13, '[E-COM09] Large Desk']","[1, 'Units']",1.0,1.0,0.0,0.0,0.0,1199.0,1378.85,0.0,0.0,no,9.54,0.0,1199.0,0.0,0.0,1,"[1, 'USD']",81,2025-03-06 18:10:23,"[1, 'YourCompany']",False,False,False
S00045,2025-03-05 17:10:23,"[11, 'Gemini Furniture']","[1, 'My Company (San Francisco)']",False,"[2, 'Website']","[6, 'Marc Demo']",sale,no,False,False,False,"[11, 'Gemini Furniture']","[233, 'United States']",False,94535,"[13, 'California (US)']","sale.order,45","[8, 'All / Saleable / Office Furniture']","[12, '[FURN_0096] Customizable Desk (Steel, White)']","[9, 'Customizable Desk']","[1, 'Units']",1.0,1.0,0.0,0.0,0.0,750.0,862.5,0.0,0.0,no,0.01,0.0,750.0,0.0,0.0,1,"[1, 'USD']",80,2025-03-05 18:10:23,"[1, 'YourCompany']",False,False,False
S00044,2025-03-04 17:10:23,"[11, 'Gemini Furniture']","[1, 'My Company (San Francisco)']",False,"[2, 'Website']","[6, 'Marc Demo']",sale,no,False,False,False,"[11, 'Gemini Furniture']","[233, 'United States']",False,94535,"[13, 'California (US)']","sale.order,44","[8, 'All / Saleable / Office Furniture']","[12, '[FURN_0096] Customizable Desk (Steel, White)']","[9, 'Customizable Desk']","[1, 'Units']",1.0,1.0,0.0,0.0,0.0,900.0,1035.0,0.0,0.0,no,0.01,0.0,900.0,0.0,0.0,1,"[1, 'USD']",79,2025-03-04 18:10:23,"[1, 'YourCompany']",False,False,False
S00068,2025-03-03 17:11:44,"[10, 'Deco Addict']","[1, 'My Company (San Francisco)']","[2, 'Benelux (USD)']","[1, 'Sales']","[2, 'Mitchell Admin']",sale,to invoice,False,False,False,"[10, 'Deco Addict']","[233, 'United States']",False,94523,"[13, 'California (US)']","sale.order,68","[5, 'All / Saleable / Services']","[224, 'Furniture Delivery (Manual)']","[202, 'Furniture Delivery (Manual)']","[1, 'Units']",10.0,10.0,0.0,0.0,0.0,2000.0,2300.0,0.0,0.0,no,0.0,0.0,200.0,0.0,0.0,1,"[1, 'USD']",125,2025-03-03 18:11:44,"[1, 'YourCompany']",False,False,"[16, 'DECO - S00068 - Sales Order']"
S00068,2025-03-03 17:11:44,"[10, 'Deco Addict']","[1, 'My Company (San Francisco)']","[2, 'Benelux (USD)']","[1, 'Sales']","[2, 'Mitchell Admin']",sale,to invoice,False,False,False,"[10, 'Deco Addict']","[233, 'United States']",False,94523,"[13, 'California (US)']","sale.order,68","[5, 'All / Saleable / Services']","[217, 'Senior Architect (Invoice on Timesheets)']","[195, 'Senior Architect (Invoice on Timesheets)']","[4, 'Hours']",15.0,15.0,0.0,0.0,0.0,3000.0,3450.0,0.0,0.0,no,0.0,0.0,200.0,0.0,0.0,1,"[1, 'USD']",124,2025-03-03 18:11:44,"[1, 'YourCompany']",False,False,"[16, 'DECO - S00068 - Sales Order']"
S00068,2025-03-03 17:11:44,"[10, 'Deco Addict']","[1, 'My Company (San Francisco)']","[2, 'Benelux (USD)']","[1, 'Sales']","[2, 'Mitchell Admin']",sale,to invoice,False,False,False,"[10, 'Deco Addict']","[233, 'United States']",False,94523,"[13, 'California (US)']","sale.order,68","[5, 'All / Saleable / Services']","[216, 'Customer Care (Prepaid Hours)']","[194, 'Customer Care (Prepaid Hours)']","[4, 'Hours']",5.0,5.0,0.0,5.0,0.0,1250.0,1437.5,1250.0,0.0,to invoice,0.0,0.0,250.0,0.0,0.0,1,"[1, 'USD']",123,2025-03-03 18:11:44,"[1, 'YourCompany']",False,False,"[16, 'DECO - S00068 - Sales Order']"
S00043,2025-03-03 17:10:22,"[11, 'Gemini Furniture']","[1, 'My Company (San Francisco)']",False,"[2, 'Website']","[6, 'Marc Demo']",sale,no,False,False,False,"[11, 'Gemini Furniture']","[233, 'United States']",False,94535,"[13, 'California (US)']","sale.order,43","[8, 'All / Saleable / Office Furniture']","[17, '[E-COM07] Large Cabinet']","[11, '[E-COM07] Large Cabinet']","[1, 'Units']",1.0,1.0,0.0,0.0,0.0,599.0,688.85,0.0,0.0,no,0.33,0.0,599.0,0.0,0.0,1,"[1, 'USD']",78,2025-03-03 18:10:22,"[1, 'YourCompany']",False,False,False
S00033,2025-03-03 17:09:40,"[26, 'Ready Mat, Edith Sanchez']","[1, 'My Company (San Francisco)']",False,"[1, 'Sales']","[2, 'Mitchell Admin']",sale,to invoice,False,False,False,"[12, 'Ready Mat']","[233, 'United States']",False,95304,"[13, 'California (US)']","sale.order,33","[12, 'All / Saleable / Events']","[46, 'Event Registration - Standard']","[37, 'Event Registration - Standard']","[1, 'Units']",1.0,1.0,0.0,1.0,0.0,499.0,573.85,499.0,0.0,to invoice,0.0,0.0,499.0,0.0,0.0,1,"[1, 'USD']",63,2025-03-03 18:09:40,"[1, 'YourCompany']",False,False,False
S00032,2025-03-03 17:09:40,"[25, 'Ready Mat, Kim Snyder']","[1, 'My Company (San Francisco)']",False,"[1, 'Sales']","[2, 'Mitchell Admin']",sale,to invoice,False,False,False,"[12, 'Ready Mat']","[233, 'United States']",False,95304,"[13, 'California (US)']","sale.order,32","[12, 'All / Saleable / Events']","[46, 'Event Registration - Standard']","[37, 'Event Registration - Standard']","[1, 'Units']",1.0,1.0,0.0,1.0,0.0,499.0,573.85,499.0,0.0,to invoice,0.0,0.0,499.0,0.0,0.0,1,"[1, 'USD']",62,2025-03-03 18:09:40,"[1, 'YourCompany']",False,False,False
S00009,2025-03-03 17:08:23,"[11, 'Gemini Furniture']","[1, 'My Company (San Francisco)']",False,"[4, 'Pre-Sales']","[6, 'Marc Demo']",sale,no,"[4, 'Email Campaign - Products']","[4, 'Email']","[16, 'Sale Promotion 1']","[11, 'Gemini Furniture']","[233, 'United States']",False,94535,"[13, 'California (US)']","sale.order,9","[8, 'All / Saleable / Office Furniture']","[33, '[FURN_8855] Drawer']","[24, '[FURN_8855] Drawer']","[1, 'Units']",3.0,3.0,0.0,0.0,0.0,292.5,336.38,0.0,0.0,no,0.03,0.0,97.5,0.0,0.0,1,"[1, 'USD']",20,2025-03-03 18:08:23,"[1, 'YourCompany']",False,False,False
S00009,2025-03-03 17:08:23,"[11, 'Gemini Furniture']","[1, 'My Company (San Francisco)']",False,"[4, 'Pre-Sales']","[6, 'Marc Demo']",sale,no,"[4, 'Email Campaign - Products']","[4, 'Email']","[16, 'Sale Promotion 1']","[11, 'Gemini Furniture']","[233, 'United States']",False,94535,"[13, 'California (US)']","sale.order,9","[8, 'All / Saleable / Office Furniture']","[25, '[FURN_0269] Office Chair Black']","[17, '[FURN_0269] Office Chair Black']","[1, 'Units']",3.0,3.0,0.0,0.0,0.0,361.5,415.73,0.0,0.0,no,0.03,0.0,120.5,0.0,0.0,1,"[1, 'USD']",21,2025-03-03 18:08:23,"[1, 'YourCompany']",False,False,False
S00031,2025-03-02 17:09:40,"[22, 'Ready Mat, Billy Fox']","[1, 'My Company (San Francisco)']",False,"[1, 'Sales']","[2, 'Mitchell Admin']",sale,to invoice,False,False,False,"[12, 'Ready Mat']","[233, 'United States']",False,95304,"[13, 'California (US)']","sale.order,31","[12, 'All / Saleable / Events']","[46, 'Event Registration - Standard']","[37, 'Event Registration - Standard']","[1, 'Units']",1.0,1.0,0.0,1.0,0.0,499.0,573.85,499.0,0.0,to invoice,0.0,0.0,499.0,0.0,0.0,1,"[1, 'USD']",61,2025-03-02 18:09:40,"[1, 'YourCompany']",False,False,False
S00015,2025-02-24 17:08:23,"[11, 'Gemini Furniture']","[1, 'My Company (San Francisco)']",False,"[1, 'Sales']","[6, 'Marc Demo']",sale,no,"[4, 'Email Campaign - Products']","[4, 'Email']","[16, 'Sale Promotion 1']","[11, 'Gemini Furniture']","[233, 'United States']",False,94535,"[13, 'California (US)']","sale.order,15","[8, 'All / Saleable / Office Furniture']","[25, '[FURN_0269] Office Chair Black']","[17, '[FURN_0269] Office Chair Black']","[1, 'Units']",3.0,3.0,0.0,0.0,0.0,361.5,415.73,0.0,0.0,no,0.03,0.0,120.5,0.0,0.0,1,"[1, 'USD']",33,2025-02-24 18:08:23,"[1, 'YourCompany']",False,False,False
S00015,2025-02-24 17:08:23,"[11, 'Gemini Furniture']","[1, 'My Company (San Francisco)']",False,"[1, 'Sales']","[6, 'Marc Demo']",sale,no,"[4, 'Email Campaign - Products']","[4, 'Email']","[16, 'Sale Promotion 1']","[11, 'Gemini Furniture']","[233, 'United States']",False,94535,"[13, 'California (US)']","sale.order,15","[8, 'All / Saleable / Office Furniture']","[32, '[FURN_6667] Acoustic Bloc Screens (Wood)']","[23, 'Acoustic Bloc Screens']","[1, 'Units']",4.0,4.0,0.0,0.0,0.0,1180.0,1357.0,0.0,0.0,no,0.0,0.0,295.0,0.0,0.0,1,"[1, 'USD']",32,2025-02-24 18:08:23,"[1, 'YourCompany']",False,False,False
S00066,2025-02-17 17:11:44,"[10, 'Deco Addict']","[1, 'My Company (San Francisco)']","[2, 'Benelux (USD)']","[1, 'Sales']","[2, 'Mitchell Admin']",sale,to invoice,False,False,False,"[10, 'Deco Addict']","[233, 'United States']",False,94523,"[13, 'California (US)']","sale.order,66","[5, 'All / Saleable / Services']","[218, 'Junior Architect (Invoice on Timesheets)']","[196, 'Junior Architect (Invoice on Timesheets)']","[4, 'Hours']",10.0,-1.0,11.0,11.0,0.0,1200.0,1380.0,1320.0,0.0,to invoice,0.0,0.0,120.0,0.0,0.0,1,"[1, 'USD']",116,2025-02-17 18:11:44,"[1, 'YourCompany']",False,False,"[14, 'AGR - S00066 - Sales Order']"
S00066,2025-02-17 17:11:44,"[10, 'Deco Addict']","[1, 'My Company (San Francisco)']","[2, 'Benelux (USD)']","[1, 'Sales']","[2, 'Mitchell Admin']",sale,to invoice,False,False,False,"[10, 'Deco Addict']","[233, 'United States']",False,94523,"[13, 'California (US)']","sale.order,66","[5, 'All / Saleable / Services']","[217, 'Senior Architect (Invoice on Timesheets)']","[195, 'Senior Architect (Invoice on Timesheets)']","[4, 'Hours']",20.0,-8.0,28.0,28.0,0.0,4600.0,5290.0,6440.0,0.0,to invoice,0.0,0.0,230.0,0.0,0.0,1,"[1, 'USD']",115,2025-02-17 18:11:44,"[1, 'YourCompany']",False,False,"[14, 'AGR - S00066 - Sales Order']"
S00066,2025-02-17 17:11:44,"[10, 'Deco Addict']","[1, 'My Company (San Francisco)']","[2, 'Benelux (USD)']","[1, 'Sales']","[2, 'Mitchell Admin']",sale,to invoice,False,False,False,"[10, 'Deco Addict']","[233, 'United States']",False,94523,"[13, 'California (US)']","sale.order,66","[5, 'All / Saleable / Services']","[216, 'Customer Care (Prepaid Hours)']","[194, 'Customer Care (Prepaid Hours)']","[4, 'Hours']",20.0,-10.0,30.0,20.0,0.0,5000.0,5750.0,5000.0,0.0,to invoice,0.0,0.0,250.0,0.0,0.0,1,"[1, 'USD']",111,2025-02-17 18:11:44,"[1, 'YourCompany']",False,False,"[14, 'AGR - S00066 - Sales Order']"
S00066,2025-02-17 17:11:44,"[10, 'Deco Addict']","[1, 'My Company (San Francisco)']","[2, 'Benelux (USD)']","[1, 'Sales']","[2, 'Mitchell Admin']",sale,to invoice,False,False,False,"[10, 'Deco Addict']","[233, 'United States']",False,94523,"[13, 'California (US)']","sale.order,66","[5, 'All / Saleable / Services']","[217, 'Senior Architect (Invoice on Timesheets)']","[195, 'Senior Architect (Invoice on Timesheets)']","[4, 'Hours']",15.0,6.0,9.0,9.0,0.0,3300.0,3795.0,1980.0,0.0,to invoice,0.0,0.0,220.0,0.0,0.0,1,"[1, 'USD']",114,2025-02-17 18:11:44,"[1, 'YourCompany']",False,False,"[14, 'AGR - S00066 - Sales Order']"
S00066,2025-02-17 17:11:44,"[10, 'Deco Addict']","[1, 'My Company (San Francisco)']","[2, 'Benelux (USD)']","[1, 'Sales']","[2, 'Mitchell Admin']",sale,to invoice,False,False,False,"[10, 'Deco Addict']","[233, 'United States']",False,94523,"[13, 'California (US)']","sale.order,66","[5, 'All / Saleable / Services']","[218, 'Junior Architect (Invoice on Timesheets)']","[196, 'Junior Architect (Invoice on Timesheets)']","[4, 'Hours']",10.0,3.0,7.0,7.0,0.0,1100.0,1265.0,770.0,0.0,to invoice,0.0,0.0,110.0,0.0,0.0,1,"[1, 'USD']",117,2025-02-17 18:11:44,"[1, 'YourCompany']",False,False,"[14, 'AGR - S00066 - Sales Order']"
S00066,2025-02-17 17:11:44,"[10, 'Deco Addict']","[1, 'My Company (San Francisco)']","[2, 'Benelux (USD)']","[1, 'Sales']","[2, 'Mitchell Admin']",sale,to invoice,False,False,False,"[10, 'Deco Addict']","[233, 'United States']",False,94523,"[13, 'California (US)']","sale.order,66","[5, 'All / Saleable / Services']","[219, 'Kitchen Assembly (Milestones)']","[197, 'Kitchen Assembly (Milestones)']","[1, 'Units']",4.0,3.0,1.0,4.0,0.0,2000.0,2300.0,2000.0,0.0,to invoice,0.0,0.0,500.0,0.0,0.0,1,"[1, 'USD']",113,2025-02-17 18:11:44,"[1, 'YourCompany']",False,False,"[14, 'AGR - S00066 - Sales Order']"
S00066,2025-02-17 17:11:44,"[10, 'Deco Addict']","[1, 'My Company (San Francisco)']","[2, 'Benelux (USD)']","[1, 'Sales']","[2, 'Mitchell Admin']",sale,to invoice,False,False,False,"[10, 'Deco Addict']","[233, 'United States']",False,94523,"[13, 'California (US)']","sale.order,66","[5, 'All / Saleable / Services']","[224, 'Furniture Delivery (Manual)']","[202, 'Furniture Delivery (Manual)']","[1, 'Units']",1.0,1.0,0.0,0.0,0.0,200.0,230.0,0.0,0.0,no,0.0,0.0,200.0,0.0,0.0,1,"[1, 'USD']",118,2025-02-17 18:11:44,"[1, 'YourCompany']",False,False,"[14, 'AGR - S00066 - Sales Order']"
S00066,2025-02-17 17:11:44,"[10, 'Deco Addict']","[1, 'My Company (San Francisco)']","[2, 'Benelux (USD)']","[1, 'Sales']","[2, 'Mitchell Admin']",sale,to invoice,False,False,False,"[10, 'Deco Addict']","[233, 'United States']",False,94523,"[13, 'California (US)']","sale.order,66","[5, 'All / Saleable / Services']","[217, 'Senior Architect (Invoice on Timesheets)']","[195, 'Senior Architect (Invoice on Timesheets)']","[4, 'Hours']",25.0,-82.0,107.0,107.0,0.0,4500.0,5175.0,19260.0,0.0,to invoice,0.0,0.0,200.0,10.0,500.0,1,"[1, 'USD']",112,2025-02-17 18:11:44,"[1, 'YourCompany']",False,False,"[14, 'AGR - S00066 - Sales Order']"
S00011,2025-02-17 17:08:23,"[11, 'Gemini Furniture']","[1, 'My Company (San Francisco)']",False,"[4, 'Pre-Sales']","[6, 'Marc Demo']",sale,no,"[4, 'Email Campaign - Products']","[4, 'Email']","[16, 'Sale Promotion 1']","[11, 'Gemini Furniture']","[233, 'United States']",False,94535,"[13, 'California (US)']","sale.order,11","[8, 'All / Saleable / Office Furniture']","[25, '[FURN_0269] Office Chair Black']","[17, '[FURN_0269] Office Chair Black']","[1, 'Units']",3.0,3.0,0.0,0.0,0.0,361.5,415.73,0.0,0.0,no,0.03,0.0,120.5,0.0,0.0,1,"[1, 'USD']",25,2025-02-17 18:08:23,"[1, 'YourCompany']",False,False,False
S00011,2025-02-17 17:08:23,"[11, 'Gemini Furniture']","[1, 'My Company (San Francisco)']",False,"[4, 'Pre-Sales']","[6, 'Marc Demo']",sale,no,"[4, 'Email Campaign - Products']","[4, 'Email']","[16, 'Sale Promotion 1']","[11, 'Gemini Furniture']","[233, 'United States']",False,94535,"[13, 'California (US)']","sale.order,11","[8, 'All / Saleable / Office Furniture']","[32, '[FURN_6667] Acoustic Bloc Screens (Wood)']","[23, 'Acoustic Bloc Screens']","[1, 'Units']",3.0,3.0,0.0,0.0,0.0,735.0,845.25,0.0,0.0,no,0.0,0.0,245.0,0.0,0.0,1,"[1, 'USD']",24,2025-02-17 18:08:23,"[1, 'YourCompany']",False,False,False
S00056,2025-02-10 17:10:23,"[11, 'Gemini Furniture']","[1, 'My Company (San Francisco)']",False,"[2, 'Website']","[6, 'Marc Demo']",sale,no,False,False,False,"[11, 'Gemini Furniture']","[233, 'United States']",False,94535,"[13, 'California (US)']","sale.order,56","[8, 'All / Saleable / Office Furniture']","[19, '[E-COM09] Large Desk']","[13, '[E-COM09] Large Desk']","[1, 'Units']",2.0,2.0,0.0,0.0,0.0,3598.0,4137.7,0.0,0.0,no,19.08,0.0,1799.0,0.0,0.0,1,"[1, 'USD']",92,2025-02-10 18:10:23,"[1, 'YourCompany']","[1, 'My Website']",False,False
S00020,2025-02-10 17:08:23,"[8, 'YourCompany, Joel Willis']","[1, 'My Company (San Francisco)']",False,"[1, 'Sales']","[2, 'Mitchell Admin']",sale,no,False,False,False,"[8, 'YourCompany, Joel Willis']","[233, 'United States']",False,07002,"[33, 'New Jersey (US)']","sale.order,20","[5, 'All / Saleable / Services']","[3, 'Virtual Interior Design']","[3, 'Virtual Interior Design']","[4, 'Hours']",24.0,24.0,0.0,0.0,0.0,1800.0,2070.0,0.0,0.0,no,0.0,0.0,75.0,0.0,0.0,1,"[1, 'USD']",43,2025-02-10 18:08:23,"[1, 'YourCompany']",False,False,False
S00020,2025-02-10 17:08:23,"[8, 'YourCompany, Joel Willis']","[1, 'My Company (San Francisco)']",False,"[1, 'Sales']","[2, 'Mitchell Admin']",sale,no,False,False,False,"[8, 'YourCompany, Joel Willis']","[233, 'United States']",False,07002,"[33, 'New Jersey (US)']","sale.order,20","[5, 'All / Saleable / Services']","[4, 'Virtual Home Staging']","[4, 'Virtual Home Staging']","[4, 'Hours']",30.0,30.0,0.0,0.0,0.0,1147.5,1319.63,0.0,0.0,no,0.0,0.0,38.25,0.0,0.0,1,"[1, 'USD']",44,2025-02-10 18:08:23,"[1, 'YourCompany']",False,False,False
S00017,2025-02-10 17:08:23,"[11, 'Gemini Furniture']","[1, 'My Company (San Francisco)']",False,"[1, 'Sales']","[6, 'Marc Demo']",sale,no,"[4, 'Email Campaign - Products']","[4, 'Email']","[16, 'Sale Promotion 1']","[11, 'Gemini Furniture']","[233, 'United States']",False,94535,"[13, 'California (US)']","sale.order,17","[8, 'All / Saleable / Office Furniture']","[25, '[FURN_0269] Office Chair Black']","[17, '[FURN_0269] Office Chair Black']","[1, 'Units']",2.0,2.0,0.0,0.0,0.0,241.0,277.15,0.0,0.0,no,0.02,0.0,120.5,0.0,0.0,1,"[1, 'USD']",37,2025-02-10 18:08:23,"[1, 'YourCompany']",False,False,False
S00017,2025-02-10 17:08:23,"[11, 'Gemini Furniture']","[1, 'My Company (San Francisco)']",False,"[1, 'Sales']","[6, 'Marc Demo']",sale,no,"[4, 'Email Campaign - Products']","[4, 'Email']","[16, 'Sale Promotion 1']","[11, 'Gemini Furniture']","[233, 'United States']",False,94535,"[13, 'California (US)']","sale.order,17","[8, 'All / Saleable / Office Furniture']","[32, '[FURN_6667] Acoustic Bloc Screens (Wood)']","[23, 'Acoustic Bloc Screens']","[1, 'Units']",2.0,2.0,0.0,0.0,0.0,710.0,816.5,0.0,0.0,no,0.0,0.0,355.0,0.0,0.0,1,"[1, 'USD']",36,2025-02-10 18:08:23,"[1, 'YourCompany']",False,False,False
S00002,2025-02-10 17:08:00,"[12, 'Ready Mat']","[1, 'My Company (San Francisco)']",False,"[1, 'Sales']","[2, 'Mitchell Admin']",draft,no,"[4, 'Email Campaign - Products']","[4, 'Email']","[16, 'Sale Promotion 1']","[12, 'Ready Mat']","[233, 'United States']",False,95304,"[13, 'California (US)']","sale.order,2","[5, 'All / Saleable / Services']","[4, 'Virtual Home Staging']","[4, 'Virtual Home Staging']","[4, 'Hours']",30.0,30.0,0.0,0.0,0.0,1147.5,1319.63,0.0,0.0,no,0.0,0.0,38.25,0.0,0.0,1,"[1, 'USD']",5,2025-02-10 18:08:00,"[1, 'YourCompany']",False,False,False
S00001,2025-02-10 17:08:00,"[10, 'Deco Addict']","[1, 'My Company (San Francisco)']",False,"[1, 'Sales']","[6, 'Marc Demo']",draft,no,"[4, 'Email Campaign - Products']","[4, 'Email']","[16, 'Sale Promotion 1']","[10, 'Deco Addict']","[233, 'United States']",False,94523,"[13, 'California (US)']","sale.order,1","[8, 'All / Saleable / Office Furniture']","[5, '[FURN_7777] Office Chair']","[5, '[FURN_7777] Office Chair']","[1, 'Units']",2.0,2.0,0.0,0.0,0.0,130.0,149.5,0.0,0.0,no,0.02,0.0,65.0,0.0,0.0,1,"[1, 'USD']",3,2025-02-10 18:08:00,"[1, 'YourCompany']",False,False,False
S00019,2025-02-10 17:08:00,"[8, 'YourCompany, Joel Willis']","[1, 'My Company (San Francisco)']",False,"[1, 'Sales']","[2, 'Mitchell Admin']",sent,no,False,False,False,"[8, 'YourCompany, Joel Willis']","[233, 'United States']",False,07002,"[33, 'New Jersey (US)']","sale.order,19","[8, 'All / Saleable / Office Furniture']","[6, '[FURN_8888] Office Lamp']","[6, '[FURN_8888] Office Lamp']","[1, 'Units']",5.0,5.0,0.0,0.0,0.0,725.0,833.75,0.0,0.0,no,0.05,0.0,145.0,0.0,0.0,1,"[1, 'USD']",41,2025-02-10 18:08:00,"[1, 'YourCompany']",False,False,False
S00001,2025-02-10 17:08:00,"[10, 'Deco Addict']","[1, 'My Company (San Francisco)']",False,"[1, 'Sales']","[6, 'Marc Demo']",draft,no,"[4, 'Email Campaign - Products']","[4, 'Email']","[16, 'Sale Promotion 1']","[10, 'Deco Addict']","[233, 'United States']",False,94523,"[13, 'California (US)']","sale.order,1","[8, 'All / Saleable / Office Furniture']","[32, '[FURN_6667] Acoustic Bloc Screens (Wood)']","[23, 'Acoustic Bloc Screens']","[1, 'Units']",3.0,3.0,0.0,0.0,0.0,885.0,1017.75,0.0,0.0,no,0.0,0.0,295.0,0.0,0.0,1,"[1, 'USD']",1,2025-02-10 18:08:00,"[1, 'YourCompany']",False,False,False
S00005,2025-02-10 17:08:00,"[10, 'Deco Addict']","[1, 'My Company (San Francisco)']",False,"[4, 'Pre-Sales']","[6, 'Marc Demo']",draft,no,"[4, 'Email Campaign - Products']","[4, 'Email']","[16, 'Sale Promotion 1']","[10, 'Deco Addict']","[233, 'United States']",False,94523,"[13, 'California (US)']","sale.order,5","[8, 'All / Saleable / Office Furniture']","[6, '[FURN_8888] Office Lamp']","[6, '[FURN_8888] Office Lamp']","[1, 'Units']",1.0,1.0,0.0,0.0,0.0,405.0,465.75,0.0,0.0,no,0.01,0.0,405.0,0.0,0.0,1,"[1, 'USD']",12,2025-02-10 18:08:00,"[1, 'YourCompany']",False,False,False
S00019,2025-02-10 17:08:00,"[8, 'YourCompany, Joel Willis']","[1, 'My Company (San Francisco)']",False,"[1, 'Sales']","[2, 'Mitchell Admin']",sent,no,False,False,False,"[8, 'YourCompany, Joel Willis']","[233, 'United States']",False,07002,"[33, 'New Jersey (US)']","sale.order,19","[8, 'All / Saleable / Office Furniture']","[5, '[FURN_7777] Office Chair']","[5, '[FURN_7777] Office Chair']","[1, 'Units']",2.0,2.0,0.0,0.0,0.0,130.0,149.5,0.0,0.0,no,0.02,0.0,65.0,0.0,0.0,1,"[1, 'USD']",42,2025-02-10 18:08:00,"[1, 'YourCompany']",False,False,False
S00001,2025-02-10 17:08:00,"[10, 'Deco Addict']","[1, 'My Company (San Francisco)']",False,"[1, 'Sales']","[6, 'Marc Demo']",draft,no,"[4, 'Email Campaign - Products']","[4, 'Email']","[16, 'Sale Promotion 1']","[10, 'Deco Addict']","[233, 'United States']",False,94523,"[13, 'California (US)']","sale.order,1","[8, 'All / Saleable / Office Furniture']","[6, '[FURN_8888] Office Lamp']","[6, '[FURN_8888] Office Lamp']","[1, 'Units']",5.0,5.0,0.0,0.0,0.0,725.0,833.75,0.0,0.0,no,0.05,0.0,145.0,0.0,0.0,1,"[1, 'USD']",2,2025-02-10 18:08:00,"[1, 'YourCompany']",False,False,False
S00019,2025-02-10 17:08:00,"[8, 'YourCompany, Joel Willis']","[1, 'My Company (San Francisco)']",False,"[1, 'Sales']","[2, 'Mitchell Admin']",sent,no,False,False,False,"[8, 'YourCompany, Joel Willis']","[233, 'United States']",False,07002,"[33, 'New Jersey (US)']","sale.order,19","[8, 'All / Saleable / Office Furniture']","[32, '[FURN_6667] Acoustic Bloc Screens (Wood)']","[23, 'Acoustic Bloc Screens']","[1, 'Units']",3.0,3.0,0.0,0.0,0.0,885.0,1017.75,0.0,0.0,no,0.0,0.0,295.0,0.0,0.0,1,"[1, 'USD']",40,2025-02-10 18:08:00,"[1, 'YourCompany']",False,False,False
S00002,2025-02-10 17:08:00,"[12, 'Ready Mat']","[1, 'My Company (San Francisco)']",False,"[1, 'Sales']","[2, 'Mitchell Admin']",draft,no,"[4, 'Email Campaign - Products']","[4, 'Email']","[16, 'Sale Promotion 1']","[12, 'Ready Mat']","[233, 'United States']",False,95304,"[13, 'California (US)']","sale.order,2","[5, 'All / Saleable / Services']","[3, 'Virtual Interior Design']","[3, 'Virtual Interior Design']","[4, 'Hours']",24.0,24.0,0.0,0.0,0.0,1800.0,2070.0,0.0,0.0,no,0.0,0.0,75.0,0.0,0.0,1,"[1, 'USD']",4,2025-02-10 18:08:00,"[1, 'YourCompany']",False,False,False
S00057,2025-02-08 17:10:23,"[11, 'Gemini Furniture']","[1, 'My Company (San Francisco)']","[2, 'Benelux (USD)']","[2, 'Website']","[6, 'Marc Demo']",draft,no,False,False,False,"[11, 'Gemini Furniture']","[233, 'United States']",False,94535,"[13, 'California (US)']","sale.order,57","[8, 'All / Saleable / Office Furniture']","[20, '[E-COM10] Pedal Bin']","[14, '[E-COM10] Pedal Bin']","[1, 'Units']",7.0,7.0,0.0,0.0,0.0,329.0,378.35,0.0,0.0,no,0.07,0.0,47.0,0.0,0.0,1,"[1, 'USD']",93,2025-02-08 18:10:23,"[1, 'YourCompany']","[1, 'My Website']",True,False
S00067,2025-02-03 17:11:44,"[12, 'Ready Mat']","[1, 'My Company (San Francisco)']","[2, 'Benelux (USD)']","[1, 'Sales']","[2, 'Mitchell Admin']",sale,to invoice,False,False,False,"[12, 'Ready Mat']","[233, 'United States']",False,95304,"[13, 'California (US)']","sale.order,67","[5, 'All / Saleable / Services']","[224, 'Furniture Delivery (Manual)']","[202, 'Furniture Delivery (Manual)']","[1, 'Units']",1.0,1.0,0.0,0.0,0.0,200.0,230.0,0.0,0.0,no,0.0,0.0,200.0,0.0,0.0,1,"[1, 'USD']",121,2025-02-03 18:11:44,"[1, 'YourCompany']",False,False,"[15, 'DPC - S00067 - Sales Order']"
S00067,2025-02-03 17:11:44,"[12, 'Ready Mat']","[1, 'My Company (San Francisco)']","[2, 'Benelux (USD)']","[1, 'Sales']","[2, 'Mitchell Admin']",sale,to invoice,False,False,False,"[12, 'Ready Mat']","[233, 'United States']",False,95304,"[13, 'California (US)']","sale.order,67","[5, 'All / Saleable / Services']","[216, 'Customer Care (Prepaid Hours)']","[194, 'Customer Care (Prepaid Hours)']","[4, 'Hours']",150.0,134.0,16.0,150.0,0.0,37500.0,43125.0,37500.0,0.0,to invoice,0.0,0.0,250.0,0.0,0.0,1,"[1, 'USD']",119,2025-02-03 18:11:44,"[1, 'YourCompany']",False,False,"[15, 'DPC - S00067 - Sales Order']"
S00067,2025-02-03 17:11:44,"[12, 'Ready Mat']","[1, 'My Company (San Francisco)']","[2, 'Benelux (USD)']","[1, 'Sales']","[2, 'Mitchell Admin']",sale,to invoice,False,False,False,"[12, 'Ready Mat']","[233, 'United States']",False,95304,"[13, 'California (US)']","sale.order,67","[5, 'All / Saleable / Services']","[219, 'Kitchen Assembly (Milestones)']","[197, 'Kitchen Assembly (Milestones)']","[1, 'Units']",18.0,18.0,0.0,18.0,0.0,9000.0,10350.0,9000.0,0.0,to invoice,0.0,0.0,500.0,0.0,0.0,2,"[1, 'USD']",122,2025-02-03 18:11:44,"[1, 'YourCompany']",False,False,"[15, 'DPC - S00067 - Sales Order']"
S00067,2025-02-03 17:11:44,"[12, 'Ready Mat']","[1, 'My Company (San Francisco)']","[2, 'Benelux (USD)']","[1, 'Sales']","[2, 'Mitchell Admin']",sale,to invoice,False,False,False,"[12, 'Ready Mat']","[233, 'United States']",False,95304,"[13, 'California (US)']","sale.order,67","[5, 'All / Saleable / Services']","[218, 'Junior Architect (Invoice on Timesheets)']","[196, 'Junior Architect (Invoice on Timesheets)']","[4, 'Hours']",20.0,11.0,9.0,9.0,0.0,2000.0,2300.0,900.0,0.0,to invoice,0.0,0.0,100.0,0.0,0.0,1,"[1, 'USD']",120,2025-02-03 18:11:44,"[1, 'YourCompany']",False,False,"[15, 'DPC - S00067 - Sales Order']"
S00018,2025-02-03 17:08:23,"[11, 'Gemini Furniture']","[1, 'My Company (San Francisco)']",False,"[1, 'Sales']","[6, 'Marc Demo']",sale,no,"[4, 'Email Campaign - Products']","[4, 'Email']","[16, 'Sale Promotion 1']","[11, 'Gemini Furniture']","[233, 'United States']",False,94535,"[13, 'California (US)']","sale.order,18","[8, 'All / Saleable / Office Furniture']","[32, '[FURN_6667] Acoustic Bloc Screens (Wood)']","[23, 'Acoustic Bloc Screens']","[1, 'Units']",2.0,2.0,0.0,0.0,0.0,590.0,678.5,0.0,0.0,no,0.0,0.0,295.0,0.0,0.0,1,"[1, 'USD']",38,2025-02-03 18:08:23,"[1, 'YourCompany']",False,False,False
S00018,2025-02-03 17:08:23,"[11, 'Gemini Furniture']","[1, 'My Company (San Francisco)']",False,"[1, 'Sales']","[6, 'Marc Demo']",sale,no,"[4, 'Email Campaign - Products']","[4, 'Email']","[16, 'Sale Promotion 1']","[11, 'Gemini Furniture']","[233, 'United States']",False,94535,"[13, 'California (US)']","sale.order,18","[8, 'All / Saleable / Office Furniture']","[25, '[FURN_0269] Office Chair Black']","[17, '[FURN_0269] Office Chair Black']","[1, 'Units']",2.0,2.0,0.0,0.0,0.0,241.0,277.15,0.0,0.0,no,0.02,0.0,120.5,0.0,0.0,1,"[1, 'USD']",39,2025-02-03 18:08:23,"[1, 'YourCompany']",False,False,False
S00058,2025-01-10 17:10:23,"[11, 'Gemini Furniture']","[1, 'My Company (San Francisco)']","[2, 'Benelux (USD)']","[2, 'Website']","[6, 'Marc Demo']",draft,no,False,False,False,"[11, 'Gemini Furniture']","[233, 'United States']",False,94535,"[13, 'California (US)']","sale.order,58","[8, 'All / Saleable / Office Furniture']","[20, '[E-COM10] Pedal Bin']","[14, '[E-COM10] Pedal Bin']","[1, 'Units']",3.0,3.0,0.0,0.0,0.0,141.0,162.15,0.0,0.0,no,0.03,0.0,47.0,0.0,0.0,1,"[1, 'USD']",94,2025-01-10 18:10:23,"[1, 'YourCompany']","[1, 'My Website']",True,False
S00021,2024-12-10 17:09:17,"[10, 'Deco Addict']","[1, 'My Company (San Francisco)']",False,"[1, 'Sales']","[6, 'Marc Demo']",draft,no,False,False,False,"[10, 'Deco Addict']","[233, 'United States']",False,94523,"[13, 'California (US)']","sale.order,21","[19, 'All / Rental']","[170, 'Meeting Room']","[150, 'Meeting Room']","[1, 'Units']",3.0,3.0,0.0,0.0,0.0,1350.0,1552.5,0.0,0.0,no,0.0,0.0,450.0,0.0,0.0,1,"[1, 'USD']",45,2024-12-10 18:09:17,"[1, 'YourCompany']",False,False,False
S00021,2024-12-10 17:09:17,"[10, 'Deco Addict']","[1, 'My Company (San Francisco)']",False,"[1, 'Sales']","[6, 'Marc Demo']",draft,no,False,False,False,"[10, 'Deco Addict']","[233, 'United States']",False,94523,"[13, 'California (US)']","sale.order,21","[8, 'All / Saleable / Office Furniture']","[6, '[FURN_8888] Office Lamp']","[6, '[FURN_8888] Office Lamp']","[1, 'Units']",5.0,5.0,0.0,0.0,0.0,725.0,833.75,0.0,0.0,no,0.05,0.0,145.0,0.0,0.0,1,"[1, 'USD']",46,2024-12-10 18:09:17,"[1, 'YourCompany']",False,False,False
