has_call_in_queue,duration_tracking,campaign_id,source_id,medium_id,activity_ids,activity_state,activity_user_id,activity_type_id,activity_type_icon,activity_date_deadline,my_activity_date_deadline,activity_summary,activity_exception_decoration,activity_exception_icon,activity_calendar_event_id,message_is_follower,message_follower_ids,message_partner_ids,message_ids,has_message,message_needaction,message_needaction_counter,message_has_error,message_has_error_counter,message_attachment_count,rating_ids,website_message_ids,message_has_sms_error,phone_sanitized,phone_sanitized_blacklisted,phone_blacklisted,mobile_blacklisted,phone_mobile_search,email_normalized,is_blacklisted,message_bounce,email_cc,name,user_id,user_company_ids,team_id,lead_properties,company_id,referred,description,active,type,priority,stage_id,tag_ids,color,expected_revenue,prorated_revenue,recurring_revenue,recurring_plan,recurring_revenue_monthly,recurring_revenue_monthly_prorated,recurring_revenue_prorated,company_currency,date_closed,date_automation_last,date_open,day_open,day_close,date_last_stage_update,date_conversion,date_deadline,partner_id,partner_is_blacklisted,contact_name,partner_name,function,title,email_from,email_domain_criterion,phone,mobile,phone_state,email_state,website,lang_id,lang_code,lang_active_count,street,street2,zip,city,state_id,country_id,probability,automated_probability,is_automated_probability,lost_reason_id,calendar_event_ids,duplicate_lead_ids,duplicate_lead_count,meeting_display_date,meeting_display_label,partner_email_update,partner_phone_update,is_partner_visible,id,display_name,create_uid,create_date,write_uid,write_date,won_status,days_to_convert,days_exceeding_closing,event_lead_rule_id,event_id,registration_ids,registration_count,reveal_id,visitor_ids,visitor_page_count,iap_enrich_done,show_enrich_button,lead_mining_request_id,visitor_sessions_count,sale_amount_total,quotation_count,sale_order_count,order_ids,rental_quotation_count,rental_amount_total,rental_order_count,rental_order_ids
False,{'4': 1285144},"[4, 'Email Campaign - Products']","[2, 'Lead Recall']","[4, 'Email']",[],False,False,False,False,False,False,False,False,False,False,False,[115],[7],[352],True,False,0,False,0,0,[],[],False,+16039963829,False,False,False,False,info@agrolait.com,False,0,False,Interest in your products,"[6, 'Marc Demo']",[1],"[4, 'Pre-Sales']",[],"[1, 'My Company (San Francisco)']",False,False,True,opportunity,2,"[4, 'Won']",[2],0,2000.0,2000.0,0.0,False,0.0,0.0,0.0,"[1, 'USD']",2025-03-10 17:05:49,False,2025-03-10 17:05:47,0.0,0.0,2025-03-10 17:05:47,False,2025-03-10,"[10, 'Deco Addict']",False,False,Deco Addict,False,False,info@agrolait.com,@agrolait.com,(603)-996-3829,False,correct,correct,http://www.deco-addict.com,"[1, 'English (US)']",en_US,1,77 Santa Barbara Rd,False,94523,Pleasant Hill,"[13, 'California (US)']","[233, 'United States']",100.0,100.0,True,False,[],"[26, 14, 15, 28, 27]",4,False,No Meeting,False,False,True,27,Interest in your products,"[1, 'OdooBot']",2025-03-09 17:05:49,"[1, 'OdooBot']",2025-03-10 17:06:30,won,0.0,-1.0,False,False,[],0,False,[],0,False,False,False,0,0.0,0,0,[],0,0.0,0,[]
False,{'3': 1717144},"[4, 'Email Campaign - Products']","[1, 'Search engine']","[1, 'Website']",[22],overdue,"[6, 'Marc Demo']","[1, 'Email']",fa-envelope,2025-03-10,False,Send Catalog by Email,False,False,False,False,[114],[7],[351],True,False,0,False,0,0,[],[],False,+16039963829,False,False,False,False,info@agrolait.com,False,0,False,Open Space Design,"[6, 'Marc Demo']",[1],"[4, 'Pre-Sales']",[],"[1, 'My Company (San Francisco)']",False,False,True,opportunity,2,"[3, 'Proposition']",[2],0,11000.0,4950.0,0.0,False,0.0,0.0,0.0,"[1, 'USD']",False,False,2025-03-08 17:05:00,3.0,0.0,2025-03-10 17:05:47,False,False,"[10, 'Deco Addict']",False,False,Deco Addict,False,False,info@agrolait.com,@agrolait.com,(603)-996-3829,False,correct,correct,http://www.deco-addict.com,"[1, 'English (US)']",en_US,1,77 Santa Barbara Rd,False,94523,Pleasant Hill,"[13, 'California (US)']","[233, 'United States']",45.0,0.0,False,False,[],"[27, 14, 15, 28, 26]",4,False,No Meeting,False,False,True,26,Open Space Design,"[1, 'OdooBot']",2025-03-04 17:05:49,"[1, 'OdooBot']",2025-03-10 17:06:30,pending,0.0,0.0,False,False,[],0,False,[],0,False,True,False,0,0.0,0,0,[],0,0.0,0,[]
False,{'3': 1285144},"[3, 'Email Campaign - Services']","[1, 'Search engine']","[2, 'Phone']",[21],overdue,"[2, 'Mitchell Admin']","[2, 'Call']",fa-phone,2025-03-10,2025-03-10,Conf call with technical service,False,False,False,True,[113],[3],[350],True,False,0,False,0,0,[],[],False,False,False,False,False,False,henry@elight.com,False,0,False,Modern Open Space,"[2, 'Mitchell Admin']",[1],"[1, 'Sales']",[],"[1, 'My Company (San Francisco)']",False,False,True,opportunity,2,"[3, 'Proposition']",[4],0,4500.0,2700.0,0.0,False,0.0,0.0,0.0,"[1, 'USD']",False,False,2025-03-08 17:05:00,2.0,0.0,2025-03-10 17:05:47,False,False,False,False,Henry Jordan,E-light Industry,False,False,henry@elight.com,@elight.com,False,False,False,correct,False,False,False,1,"Palermo, Capital Federal",C1414CMS Capital Federal,B7313,Buenos Aires,False,"[10, 'Argentina']",60.0,0.0,False,False,[],[25],0,False,No Meeting,False,False,True,25,Modern Open Space,"[1, 'OdooBot']",2025-03-09 17:05:49,"[1, 'OdooBot']",2025-03-10 17:06:30,pending,0.0,0.0,False,False,[],0,False,[],0,False,True,False,0,0.0,0,0,[],0,0.0,0,[]
False,{'3': 1285144},"[3, 'Email Campaign - Services']","[1, 'Search engine']","[2, 'Phone']",[17],overdue,"[1, 'OdooBot']","[2, 'Call']",fa-phone,2025-03-14,False,False,False,False,False,True,"[109, 123]",[3],[346],True,False,0,False,0,0,[],[],False,False,False,False,False,False,info@deltapc.example.com,False,0,False,Office Design and Architecture,"[2, 'Mitchell Admin']",[1],"[1, 'Sales']",[],"[1, 'My Company (San Francisco)']",False,False,True,opportunity,2,"[3, 'Proposition']",[7],0,9000.0,165.6,0.0,False,0.0,0.0,0.0,"[1, 'USD']",False,False,2025-03-05 17:05:00,5.0,0.0,2025-03-10 17:05:47,False,False,"[12, 'Ready Mat']",False,False,Ready Mat,False,False,info@deltapc.example.com,@deltapc.example.com,(803)-873-6126,False,incorrect,correct,http://www.ready-mat.com/,"[1, 'English (US)']",en_US,1,Cannon Hill Park,False,B46 3AG,Birmingham,False,"[231, 'United Kingdom']",1.84,1.84,True,False,[],"[16, 18, 21]",2,False,No Meeting,False,False,True,21,Office Design and Architecture,"[1, 'OdooBot']",2025-03-09 17:05:49,"[1, 'OdooBot']",2025-03-10 17:06:30,pending,0.0,0.0,False,False,[],0,False,[],0,False,True,False,0,0.0,0,0,[],0,0.0,0,[]
False,{'4': 1803544},"[3, 'Email Campaign - Services']","[2, 'Lead Recall']","[4, 'Email']",[16],overdue,"[1, 'OdooBot']","[2, 'Call']",fa-phone,2025-03-11,False,False,False,False,False,True,"[108, 122]",[3],[345],True,False,0,False,0,0,[],[],False,+13123492324,False,False,False,False,john.b@tech.info,False,0,False,Distributor Contract,"[2, 'Mitchell Admin']",[1],"[1, 'Sales']",[],"[1, 'My Company (San Francisco)']",False,False,True,opportunity,2,"[4, 'Won']","[4, 8]",0,19800.0,19800.0,0.0,False,0.0,0.0,0.0,"[1, 'USD']",2025-03-10 17:05:49,False,2025-03-05 17:05:00,1.0,6.0,2025-03-10 17:05:47,False,2025-03-10,"[11, 'Gemini Furniture']",False,John M. Brown,Epic Technologies,False,False,john.b@tech.info,@tech.info,+1 312 349 2324,False,correct,correct,http://www.gemini-furniture.com/,"[1, 'English (US)']",en_US,1,False,False,60610,Chicago,False,"[233, 'United States']",100.0,100.0,True,False,[],[20],0,False,No Meeting,False,False,True,20,Distributor Contract,"[1, 'OdooBot']",2025-03-03 17:05:49,"[1, 'OdooBot']",2025-03-10 17:06:30,won,0.0,-1.0,False,False,[],0,False,[],0,False,False,False,0,0.0,0,0,[],0,0.0,0,[]
True,"{'2': 1371531, '3': 5, '4': 5, '1': 2}","[4, 'Email Campaign - Products']","[2, 'Lead Recall']","[4, 'Email']",[12],overdue,"[2, 'Mitchell Admin']","[2, 'Call']",fa-phone,2025-03-12,2025-03-12,Convert to quote,False,False,False,True,[104],[3],"[2816, 2815, 2814, 2813, 338]",True,False,0,False,0,0,[],[],False,False,False,False,False,False,info@deltapc.example.com,False,0,False,Global Solutions: Furnitures,"[2, 'Mitchell Admin']",[1],"[1, 'Sales']",[],"[1, 'My Company (San Francisco)']",False,False,True,opportunity,2,"[2, 'Qualified']",[5],0,3800.0,2512.18,0.0,False,0.0,0.0,0.0,"[1, 'USD']",False,False,2025-03-03 17:05:00,6.0,0.0,2025-03-23 14:36:58,False,2025-03-10,"[12, 'Ready Mat']",False,Robin Smith,Global Solutions,False,False,info@deltapc.example.com,@deltapc.example.com,(803)-873-6126,False,incorrect,correct,http://www.ready-mat.com/,"[1, 'English (US)']",en_US,1,Union Road,False,L25 4RL,Liverpool,False,"[231, 'United Kingdom']",66.11,66.11,True,False,[],"[21, 18, 16]",2,False,No Meeting,False,False,True,16,Global Solutions: Furnitures,"[1, 'OdooBot']",2025-03-08 17:05:49,"[2, 'Mitchell Admin']",2025-03-23 14:36:58,pending,0.0,0.0,False,False,[],0,False,[],0,False,True,False,0,0.0,0,0,[],0,0.0,0,[]
False,{'1': 1285144},"[4, 'Email Campaign - Products']","[1, 'Search engine']","[1, 'Website']",[10],overdue,"[2, 'Mitchell Admin']","[1, 'Email']",fa-envelope,2025-03-13,2025-03-13,Send Catalog by Email,False,False,False,True,"[102, 120]","[7, 3]",[332],True,False,0,False,0,0,[],[],False,+16039963829,False,False,False,False,info@agrolait.com,False,0,False,Office Design Project,"[6, 'Marc Demo']",[1],"[4, 'Pre-Sales']",[],"[1, 'My Company (San Francisco)']",False,False,True,opportunity,2,"[1, 'New']",[2],7,24000.0,2400.0,0.0,False,0.0,0.0,0.0,"[1, 'USD']",False,False,2025-02-24 17:05:00,14.0,0.0,2025-03-10 17:05:47,False,2025-04-10,"[10, 'Deco Addict']",False,False,Deco Addict,False,False,info@agrolait.com,@agrolait.com,(603)-996-3829,False,correct,correct,http://www.deco-addict.com,"[1, 'English (US)']",en_US,1,77 Santa Barbara Rd,False,94523,Pleasant Hill,"[13, 'California (US)']","[233, 'United States']",10.0,8.33,False,False,[],"[27, 26, 15, 28, 14]",4,False,No Meeting,False,False,True,14,Office Design Project,"[1, 'OdooBot']",2025-03-09 17:05:49,"[1, 'OdooBot']",2025-03-10 17:06:30,pending,0.0,0.0,False,False,[],0,False,[],0,False,True,False,0,0.0,0,0,[],0,0.0,0,[]
False,{'1': 1371544},"[4, 'Email Campaign - Products']","[2, 'Lead Recall']","[4, 'Email']",[],False,False,False,False,False,False,False,False,False,False,False,[98],[7],"[328, 327]",True,False,0,False,0,0,[],[328],False,False,False,False,False,False,jga@solar.example.com,False,0,False,Design Software Info,"[6, 'Marc Demo']",[1],"[4, 'Pre-Sales']",[],"[1, 'My Company (San Francisco)']",False,False,True,lead,2,"[1, 'New']",[1],0,0.0,0.0,0.0,False,0.0,0.0,0.0,"[1, 'USD']",False,False,2025-03-08 17:05:00,1.0,0.0,2025-03-10 17:05:47,False,False,False,False,Jose Garcia,Solar IT,Medical illustrator,False,jga@solar.example.com,@solar.example.com,False,False,False,correct,False,False,False,1,False,False,28001,Madrid,False,"[68, 'Spain']",50.0,50.0,True,False,[],[10],0,False,No Meeting,False,False,False,10,Design Software Info,"[1, 'OdooBot']",2025-03-08 17:05:49,"[1, 'OdooBot']",2025-03-10 17:06:30,pending,0.0,0.0,False,False,[],0,False,[],0,False,True,False,0,0.0,0,0,[],0,0.0,0,[]
False,{'1': 1630744},"[3, 'Email Campaign - Services']","[2, 'Lead Recall']","[4, 'Email']",[],False,False,False,False,False,False,False,False,False,False,True,[94],[3],[322],True,False,0,False,0,0,[],[],False,False,False,False,False,False,tina@opensides.example.com,False,0,False,Opensides: Need Info,"[2, 'Mitchell Admin']",[1],"[1, 'Sales']",[],"[1, 'My Company (San Francisco)']",False,False,True,lead,2,"[1, 'New']","[3, 4]",0,0.0,0.0,0.0,False,0.0,0.0,0.0,"[1, 'USD']",False,False,2025-02-24 17:05:00,10.0,0.0,2025-03-10 17:05:47,False,False,False,False,Tina Pinero,Opensides,Consultant,False,tina@opensides.example.com,@opensides.example.com,False,False,False,correct,False,False,False,1,False,False,00118,Roma,False,"[109, 'Italy']",50.0,50.0,True,False,[],[6],0,False,No Meeting,False,False,False,6,Opensides: Need Info,"[1, 'OdooBot']",2025-03-05 17:05:49,"[1, 'OdooBot']",2025-03-10 17:06:30,pending,0.0,0.0,False,False,[],0,False,[],0,False,True,False,0,0.0,0,0,[],0,0.0,0,[]
False,{'1': 1544344},"[4, 'Email Campaign - Products']","[2, 'Lead Recall']","[4, 'Email']",[],False,False,False,False,False,False,False,False,False,False,True,[93],[3],"[321, 320]",True,False,0,False,0,0,[],[321],False,+18134945005,False,False,False,False,helle@stonageit.example.com,False,0,False,Quotation for 50 Chairs,"[2, 'Mitchell Admin']",[1],"[1, 'Sales']",[],"[1, 'My Company (San Francisco)']",False,,True,lead,2,"[1, 'New']",[1],0,0.0,0.0,0.0,False,0.0,0.0,0.0,"[1, 'USD']",False,False,2025-02-24 17:05:00,11.0,0.0,2025-03-10 17:05:47,False,False,False,False,Carrie Helle,Stonage IT,Purchase Manager,False,helle@stonageit.example.com,@stonageit.example.com,+1 813 494 5005,False,correct,correct,False,False,False,1,West Allegheny Ave 800,False,1909,Philadelphia,False,"[233, 'United States']",50.0,50.0,True,False,[],[5],0,False,No Meeting,False,False,False,5,Quotation for 50 Chairs,"[1, 'OdooBot']",2025-03-06 17:05:49,"[1, 'OdooBot']",2025-03-10 17:06:30,pending,0.0,0.0,False,False,[],0,False,[],0,False,True,False,0,0.0,0,0,[],0,0.0,0,[]
False,{'1': 1371544},"[4, 'Email Campaign - Products']","[3, 'Newsletter']","[5, 'Banner']",[],False,False,False,False,False,False,False,False,False,False,True,[92],[3],[319],True,False,0,False,0,0,[],[],False,False,False,False,False,False,hmc@yahoo.example.com,False,0,False,Campbell: Chairs,"[2, 'Mitchell Admin']",[1],"[1, 'Sales']",[],"[1, 'My Company (San Francisco)']",False,False,True,lead,2,"[1, 'New']",[5],0,0.0,0.0,0.0,False,0.0,0.0,0.0,"[1, 'USD']",False,False,2025-02-10 17:05:00,27.0,0.0,2025-03-10 17:05:47,False,False,False,False,Henry Campbell,Burstein Applebee,False,False,hmc@yahoo.example.com,@yahoo.example.com,False,False,False,correct,False,False,False,1,United Street 68,False,03101,Manchester,False,"[231, 'United Kingdom']",50.0,50.0,True,False,[],[4],0,False,No Meeting,False,False,False,4,Campbell: Chairs,"[1, 'OdooBot']",2025-03-08 17:05:49,"[1, 'OdooBot']",2025-03-10 17:06:30,pending,0.0,0.0,False,False,[],0,False,[],0,False,True,False,0,0.0,0,0,[],0,0.0,0,[]
False,{'1': 1371544},"[4, 'Email Campaign - Products']","[4, 'Facebook']","[10, 'Google Adwords']",[],False,False,False,False,False,False,False,False,False,False,True,[91],[3],[318],True,False,0,False,0,0,[],[],False,False,False,False,False,False,contact@thekompany.example.com,False,0,False,Pricing for 25 desks,"[2, 'Mitchell Admin']",[1],"[1, 'Sales']",[],"[1, 'My Company (San Francisco)']",False,False,True,lead,2,"[1, 'New']","[4, 5]",0,0.0,0.0,0.0,False,0.0,0.0,0.0,"[1, 'USD']",False,False,2025-02-10 17:05:00,27.0,0.0,2025-03-10 17:05:47,False,False,False,False,John Miller,The Kompany,False,False,contact@thekompany.example.com,@thekompany.example.com,+1 555 754 3010,False,incorrect,correct,False,False,False,1,Lafayette Ave 450/12,False,10001,New York,False,"[233, 'United States']",50.0,50.0,True,False,[],[3],0,False,No Meeting,False,False,False,3,Pricing for 25 desks,"[1, 'OdooBot']",2025-03-08 17:05:49,"[1, 'OdooBot']",2025-03-10 17:06:30,pending,0.0,0.0,False,False,[],0,False,[],0,False,True,False,0,0.0,0,0,[],0,0.0,0,[]
False,{'3': 5691544},"[4, 'Email Campaign - Products']","[1, 'Search engine']","[4, 'Email']",[],False,False,False,False,False,False,False,False,False,False,False,[],[],[370],True,False,0,False,0,0,[],[],False,False,False,False,False,False,tbrockhouse0@google.pl,False,0,False,Quote for 35 windows,False,"[2, 1]",False,[],False,False,False,True,lead,1,"[3, 'Proposition']",[1],0,41421.0,8284.2,0.0,False,0.0,0.0,0.0,"[1, 'USD']",False,False,False,0.0,0.0,2025-03-10 17:05:47,False,2025-03-24,False,False,Tommi Brockhouse,Gabcube,False,False,tbrockhouse0@google.pl,@google.pl,False,False,False,correct,False,False,False,1,False,False,False,Brussels,False,"[20, 'Belgium']",20.0,0.0,False,False,[],[44],0,False,No Meeting,False,False,False,44,Quote for 35 windows,"[1, 'OdooBot']",2025-01-17 17:05:49,"[1, 'OdooBot']",2025-03-10 17:06:30,pending,0.0,0.0,False,False,[],0,False,[],0,False,True,False,0,0.0,0,0,[],0,0.0,0,[]
False,{'3': 5691544},"[4, 'Email Campaign - Products']","[1, 'Search engine']","[4, 'Email']",[],False,False,False,False,False,False,False,False,False,False,False,[],[],[369],True,False,0,False,0,0,[],[],False,False,False,False,False,False,fseiller1@theglobeandmail.com,False,0,False,Modernize old offices,False,"[2, 1]",False,[],False,False,False,True,lead,1,"[3, 'Proposition']",[1],0,99755.0,19951.0,0.0,False,0.0,0.0,0.0,"[1, 'USD']",False,False,False,0.0,0.0,2025-03-10 17:05:47,False,2025-03-24,False,False,Franny Seiller,Yozio,False,False,fseiller1@theglobeandmail.com,@theglobeandmail.com,False,False,False,correct,False,False,False,1,False,False,False,Wurigelebur,False,"[100, 'Indonesia']",20.0,0.0,False,False,[],"[34, 43]",1,False,No Meeting,False,False,False,43,Modernize old offices,"[1, 'OdooBot']",2025-01-17 17:05:49,"[1, 'OdooBot']",2025-03-10 17:06:30,pending,0.0,0.0,False,False,[],0,False,[],0,False,True,False,0,0.0,0,0,[],0,0.0,0,[]
False,{'2': 2753944},"[4, 'Email Campaign - Products']","[1, 'Search engine']","[4, 'Email']",[],False,False,False,False,False,False,False,False,False,False,False,[],[],[368],True,False,0,False,0,0,[],[],False,False,False,False,False,False,ngrabert2@dailymail.co.uk,False,0,False,Furnitures for new location,False,"[2, 1]",False,[],False,False,False,True,lead,1,"[2, 'Qualified']",[1],0,22500.0,4500.0,0.0,False,0.0,0.0,0.0,"[1, 'USD']",False,False,False,0.0,0.0,2025-03-10 17:05:47,False,2025-03-24,False,False,Napoleon Grabert,Twinte,False,False,ngrabert2@dailymail.co.uk,@dailymail.co.uk,False,False,False,correct,False,False,False,1,False,False,False,Tokyo,False,"[113, 'Japan']",20.0,0.0,False,False,[],[42],0,False,No Meeting,False,False,False,42,Furnitures for new location,"[1, 'OdooBot']",2025-02-20 17:05:49,"[1, 'OdooBot']",2025-03-10 17:06:30,pending,0.0,0.0,False,False,[],0,False,[],0,False,True,False,0,0.0,0,0,[],0,0.0,0,[]
False,{'3': 3963544},"[4, 'Email Campaign - Products']","[1, 'Search engine']","[4, 'Email']",[],False,False,False,False,False,False,False,False,False,False,False,[],[],[367],True,False,0,False,0,0,[],[],False,False,False,False,False,False,ikirvell3@gnu.org,False,0,False,Need a price: urgent,False,"[2, 1]",False,[],False,False,False,True,lead,1,"[3, 'Proposition']",[1],0,4482.0,4033.8,0.0,False,0.0,0.0,0.0,"[1, 'USD']",False,False,False,0.0,0.0,2025-03-10 17:05:47,False,2025-03-24,False,False,Itch Kirvell,Skibox,False,False,ikirvell3@gnu.org,@gnu.org,False,False,False,correct,False,False,False,1,False,False,False,Dahu Satu,False,"[100, 'Indonesia']",90.0,0.0,False,False,[],[41],0,False,No Meeting,False,False,False,41,Need a price: urgent,"[1, 'OdooBot']",2025-02-06 17:05:49,"[1, 'OdooBot']",2025-03-10 17:06:30,pending,0.0,0.0,False,False,[],0,False,[],0,False,True,False,0,0.0,0,0,[],0,0.0,0,[]
False,{'2': 4395544},"[4, 'Email Campaign - Products']","[1, 'Search engine']","[4, 'Email']",[],False,False,False,False,False,False,False,False,False,False,True,[119],[3],[366],True,False,0,False,0,0,[],[],False,False,False,False,False,False,credford4@salon.com,False,0,False,Custom Desks (100 pieces),"[2, 'Mitchell Admin']",[1],"[1, 'Sales']",[],"[1, 'My Company (San Francisco)']",False,False,True,lead,1,"[2, 'Qualified']",[1],0,9987.0,1997.4,0.0,False,0.0,0.0,0.0,"[1, 'USD']",False,False,2025-03-10 17:05:47,36.0,0.0,2025-03-10 17:05:47,False,2025-03-24,False,False,Chalmers Redford,Muxo,False,False,credford4@salon.com,@salon.com,False,False,False,correct,False,False,False,1,False,False,False,Odoyev,False,"[190, 'Russian Federation']",20.0,0.0,False,False,[],[40],0,False,No Meeting,False,False,False,40,Custom Desks (100 pieces),"[1, 'OdooBot']",2025-02-01 17:05:49,"[1, 'OdooBot']",2025-03-10 17:06:30,pending,0.0,0.0,False,False,[],0,False,[],0,False,True,False,0,0.0,0,0,[],0,0.0,0,[]
False,{'1': 8110744},"[3, 'Email Campaign - Services']","[1, 'Search engine']","[4, 'Email']",[],False,False,False,False,False,False,False,False,False,False,False,[],[],[365],True,False,0,False,0,0,[],[],False,False,False,False,False,False,eespinazo5@reuters.com,False,0,False,Cleaning subscription,False,"[2, 1]",False,[],False,False,False,True,lead,1,"[1, 'New']",[3],0,11475.0,2868.75,0.0,False,0.0,0.0,0.0,"[1, 'USD']",False,False,False,0.0,0.0,2025-03-10 17:05:47,False,2025-03-24,False,False,Elmo Espinazo,Realblab,False,False,eespinazo5@reuters.com,@reuters.com,False,False,False,correct,False,False,False,1,False,False,False,Amsterdam,False,"[165, 'Netherlands']",25.0,0.0,False,False,[],[39],0,False,No Meeting,False,False,False,39,Cleaning subscription,"[1, 'OdooBot']",2024-12-20 17:05:49,"[1, 'OdooBot']",2025-03-10 17:06:30,pending,0.0,0.0,False,False,[],0,False,[],0,False,True,False,0,0.0,0,0,[],0,0.0,0,[]
False,{'2': 5345944},"[4, 'Email Campaign - Products']","[1, 'Search engine']","[4, 'Email']",[],False,False,False,False,False,False,False,False,False,False,False,[],[],[364],True,False,0,False,0,0,[],[],False,False,False,False,False,False,jjobbins6@simplemachines.org,False,0,False,Office chairs,False,"[2, 1]",False,[],False,False,False,True,lead,1,"[2, 'Qualified']",[1],0,5474.0,1094.8,0.0,False,0.0,0.0,0.0,"[1, 'USD']",False,False,False,0.0,0.0,2025-03-10 17:05:47,False,2025-03-24,False,False,Jennine Jobbins,Shufflebeat,False,False,jjobbins6@simplemachines.org,@simplemachines.org,False,False,False,correct,False,False,False,1,False,False,False,Gvardeysk,False,"[190, 'Russian Federation']",20.0,0.0,False,False,[],[38],0,False,No Meeting,False,False,False,38,Office chairs,"[1, 'OdooBot']",2025-01-21 17:05:49,"[1, 'OdooBot']",2025-03-10 17:06:30,pending,0.0,0.0,False,False,[],0,False,[],0,False,True,False,0,0.0,0,0,[],0,0.0,0,[]
False,{'2': 5086744},"[4, 'Email Campaign - Products']","[1, 'Search engine']","[4, 'Email']",[],False,False,False,False,False,False,False,False,False,False,False,[],[],[363],True,False,0,False,0,0,[],[],False,False,False,False,False,False,akalinovich7@tinypic.com,False,0,False,Design New Shelves,False,"[2, 1]",False,[],False,False,False,True,lead,1,"[2, 'Qualified']",[1],0,54587.0,44215.47,0.0,False,0.0,0.0,0.0,"[1, 'USD']",False,False,False,0.0,0.0,2025-03-10 17:05:47,False,2025-03-24,False,False,Alys Kalinovich,Jaloo,False,False,akalinovich7@tinypic.com,@tinypic.com,False,False,False,correct,False,False,False,1,False,False,False,Boafeo,False,"[100, 'Indonesia']",81.0,0.0,False,False,[],[37],0,False,No Meeting,False,False,False,37,Design New Shelves,"[1, 'OdooBot']",2025-01-24 17:05:49,"[1, 'OdooBot']",2025-03-10 17:06:30,pending,0.0,0.0,False,False,[],0,False,[],0,False,True,False,0,0.0,0,0,[],0,0.0,0,[]
False,{'2': 4654744},"[4, 'Email Campaign - Products']","[1, 'Search engine']","[4, 'Email']",[],False,False,False,False,False,False,False,False,False,False,False,[],[],[362],True,False,0,False,0,0,[],[],False,False,False,False,False,False,mlimprecht8@fastcompany.com,False,0,False,Branded Furniture,False,"[2, 1]",False,[],False,False,False,True,lead,1,"[2, 'Qualified']",[1],0,7784.0,1556.8,0.0,False,0.0,0.0,0.0,"[1, 'USD']",False,False,False,0.0,0.0,2025-03-10 17:05:47,False,2025-03-24,False,False,Myrna Limprecht,False,False,False,mlimprecht8@fastcompany.com,@fastcompany.com,False,False,False,correct,False,False,False,1,False,False,False,Valejas,False,"[183, 'Portugal']",20.0,0.0,False,False,[],[36],0,False,No Meeting,False,False,False,36,Branded Furniture,"[1, 'OdooBot']",2025-01-29 17:05:49,"[1, 'OdooBot']",2025-03-10 17:06:30,pending,0.0,0.0,False,False,[],0,False,[],0,False,True,False,0,0.0,0,0,[],0,0.0,0,[]
False,{'2': 3272344},"[4, 'Email Campaign - Products']","[1, 'Search engine']","[4, 'Email']",[],False,False,False,False,False,False,False,False,False,False,False,[],[],[361],True,False,0,False,0,0,[],[],False,False,False,False,False,False,roxshott9@trellian.com,False,0,False,Trelian New Offices,False,"[2, 1]",False,[],False,False,False,True,lead,1,"[2, 'Qualified']",[1],0,88715.0,10645.8,0.0,False,0.0,0.0,0.0,"[1, 'USD']",False,False,False,0.0,0.0,2025-03-10 17:05:47,False,2025-03-24,False,False,Rosalynd Oxshott,Photobug,False,False,roxshott9@trellian.com,@trellian.com,False,False,False,correct,False,False,False,1,False,False,False,Canguaretama,False,"[31, 'Brazil']",12.0,0.0,False,False,[],[35],0,False,No Meeting,False,False,False,35,Trelian New Offices,"[1, 'OdooBot']",2025-02-14 17:05:49,"[1, 'OdooBot']",2025-03-10 17:06:30,pending,0.0,0.0,False,False,[],0,False,[],0,False,True,False,0,0.0,0,0,[],0,0.0,0,[]
False,{'3': 2753944},"[4, 'Email Campaign - Products']","[1, 'Search engine']","[4, 'Email']",[],False,False,False,False,False,False,False,False,False,False,False,[],[],[360],True,False,0,False,0,0,[],[],False,False,False,False,False,False,aakreda@theglobeandmail.com,False,0,False,Need info about pricing,False,"[2, 1]",False,[],False,False,False,True,lead,1,"[3, 'Proposition']",[1],0,28443.0,22754.4,0.0,False,0.0,0.0,0.0,"[1, 'USD']",False,False,False,0.0,0.0,2025-03-10 17:05:47,False,2025-03-24,False,False,Aloysius Akred,False,False,False,aakreda@theglobeandmail.com,@theglobeandmail.com,False,False,False,correct,False,False,False,1,1 Russel square,False,False,London,False,"[88, 'Greece']",80.0,0.0,False,False,[],"[43, 34]",1,False,No Meeting,False,False,False,34,Need info about pricing,"[1, 'OdooBot']",2025-02-20 17:05:49,"[1, 'OdooBot']",2025-03-10 17:06:30,pending,0.0,0.0,False,False,[],0,False,[],0,False,True,False,0,0.0,0,0,[],0,0.0,0,[]
False,{'2': 3617944},"[4, 'Email Campaign - Products']","[1, 'Search engine']","[4, 'Email']",[],False,False,False,False,False,False,False,False,False,False,False,[],[],[359],True,False,0,False,0,0,[],[],False,False,False,False,False,False,max123@itconsult.com,False,0,False,Recurring delivery contract,False,"[2, 1]",False,[],False,False,False,True,lead,1,"[2, 'Qualified']",[1],0,36221.0,7244.2,0.0,False,0.0,0.0,0.0,"[1, 'USD']",False,False,False,0.0,0.0,2025-03-10 17:05:47,False,2025-03-24,False,False,Max Johnson,False,False,False,max123@itconsult.com,@itconsult.com,False,False,False,correct,False,False,False,1,False,False,False,Milan,False,"[109, 'Italy']",20.0,0.0,False,False,[],[33],0,False,No Meeting,False,False,False,33,Recurring delivery contract,"[1, 'OdooBot']",2025-02-10 17:05:49,"[1, 'OdooBot']",2025-03-10 17:06:30,pending,0.0,0.0,False,False,[],0,False,[],0,False,True,False,0,0.0,0,0,[],0,0.0,0,[]
False,{'2': 6296344},"[4, 'Email Campaign - Products']","[1, 'Search engine']","[4, 'Email']",[],False,False,False,False,False,False,False,False,False,False,True,[118],[3],[358],True,False,0,False,0,0,[],[],False,False,False,False,False,False,eriknfrench@armyspy.com,False,0,False,Quote for 600 Chairs,"[2, 'Mitchell Admin']",[1],"[1, 'Sales']",[],"[1, 'My Company (San Francisco)']",False,False,True,opportunity,1,"[2, 'Qualified']",[1],0,22500.0,4500.0,0.0,False,0.0,0.0,0.0,"[1, 'USD']",False,False,2025-03-10 17:05:47,58.0,0.0,2025-03-10 17:05:47,False,2025-05-10,False,False,Erik N. French,False,False,False,ErikNFrench@armyspy.com,@armyspy.com,False,False,False,correct,False,False,False,1,1920 Del Dew Drive,False,False,Chevy Chase,False,"[13, 'Australia']",20.0,0.0,False,False,[],"[31, 32]",1,False,No Meeting,False,False,True,32,Quote for 600 Chairs,"[1, 'OdooBot']",2025-01-10 17:05:49,"[1, 'OdooBot']",2025-03-10 17:06:30,pending,0.0,0.0,False,False,[],0,False,[],0,False,True,False,0,0.0,0,0,[],0,0.0,0,[]
False,{'1': 3617944},"[4, 'Email Campaign - Products']","[1, 'Search engine']","[4, 'Email']",[],False,False,False,False,False,False,False,False,False,False,True,[117],[3],"[357, 356]",True,False,0,False,0,0,[],[357],False,False,False,False,False,False,eriknfrench@armyspy.com,False,0,False,Devis pour 150 tapis,"[2, 'Mitchell Admin']",[1],"[1, 'Sales']",[],"[1, 'My Company (San Francisco)']",False,False,True,opportunity,1,"[1, 'New']",[1],0,40000.0,4000.0,0.0,False,0.0,0.0,0.0,"[1, 'USD']",False,False,2025-03-10 17:05:47,27.0,0.0,2025-03-10 17:05:47,False,2025-04-10,"[13, 'OpenWood']",False,Erik N. French,OpenWood,False,False,ErikNFrench@armyspy.com,@armyspy.com,+32 987 65 43 21,+32 987 65 43 21,incorrect,correct,http://www.openwood.example.com,"[1, 'English (US)']",en_US,1,Orval 1,False,6823,Florenville,False,"[20, 'Belgium']",10.0,0.0,False,False,[],"[32, 31]",1,False,No Meeting,False,False,True,31,Devis pour 150 tapis,"[1, 'OdooBot']",2025-02-10 17:05:49,"[1, 'OdooBot']",2025-03-10 17:06:30,pending,0.0,0.0,False,False,[],0,False,[],0,False,True,False,0,0.0,0,0,[],0,0.0,0,[]
False,{'1': 6296344},"[4, 'Email Campaign - Products']","[2, 'Lead Recall']","[4, 'Email']",[],False,False,False,False,False,False,False,False,False,False,False,[],[],[355],True,False,0,False,0,0,[],[],False,+3222335407,False,False,False,False,gastonrochon@example.com,False,0,False,Acadia College Furnitures,False,"[2, 1]",False,[],False,False,False,True,lead,1,"[1, 'New']",[6],0,0.0,0.0,0.0,False,0.0,0.0,0.0,"[1, 'USD']",False,False,False,0.0,0.0,2025-03-10 17:05:47,False,False,False,False,Gaston Rochon,Acadia College,Director,False,GastonRochon@example.com,gastonrochon@example.com,+32 22 33 54 07,False,correct,correct,False,False,False,1,Rue du Commerce 93,False,1080,Brussels,False,"[75, 'France']",5.27,5.27,True,False,[],[30],0,False,No Meeting,False,False,False,30,Acadia College Furnitures,"[1, 'OdooBot']",2025-01-10 17:05:49,"[1, 'OdooBot']",2025-03-10 17:06:30,pending,0.0,0.0,False,False,[],0,False,[],0,False,True,False,0,0.0,0,0,[],0,0.0,0,[]
False,{'2': 3617944},"[4, 'Email Campaign - Products']","[2, 'Lead Recall']","[4, 'Email']",[],False,False,False,False,False,False,False,False,False,False,False,[],[],[354],True,False,0,False,0,0,[],[],False,+33125544569,False,False,False,False,jdunagan@leclub.example.com,False,0,False,Club Office More Desks,False,"[2, 1]",False,[],False,False,False,True,lead,1,"[2, 'Qualified']",[6],0,0.0,0.0,0.0,False,0.0,0.0,0.0,"[1, 'USD']",False,False,False,0.0,0.0,2025-03-10 17:05:47,False,False,False,False,Jacques Dunagan,Le Club SARL,Training Manager,False,jdunagan@leclub.example.com,@leclub.example.com,+33 1 25 54 45 69,False,correct,correct,False,False,False,1,Rue Léon Dierx 73,False,93190,Paris,False,"[75, 'France']",5.27,5.27,True,False,[],"[1, 2, 29]",2,False,No Meeting,False,False,False,29,Club Office More Desks,"[1, 'OdooBot']",2025-02-10 17:05:49,"[1, 'OdooBot']",2025-03-10 17:06:30,pending,0.0,0.0,False,False,[],0,False,[],0,False,True,False,0,0.0,0,0,[],0,0.0,0,[]
False,{'3': 1889944},"[4, 'Email Campaign - Products']","[1, 'Search engine']","[4, 'Email']",[18],overdue,"[2, 'Mitchell Admin']","[1, 'Email']",fa-envelope,2025-03-08,2025-03-08,False,False,False,False,True,[110],[3],[347],True,False,0,False,0,0,[],[],False,+582126810538,False,False,False,False,vauxoo@yourcompany.example.com,False,0,False,5 VP Chairs,"[2, 'Mitchell Admin']",[1],"[1, 'Sales']",[],"[1, 'My Company (San Francisco)']",False,False,True,opportunity,1,"[3, 'Proposition']",[3],0,5600.0,1680.0,0.0,False,0.0,0.0,0.0,"[1, 'USD']",False,False,2025-03-07 17:05:00,4.0,0.0,2025-03-10 17:05:47,False,False,"[15, 'Azure Interior']",False,Benjamin Flores,Nebula Business,False,False,vauxoo@yourcompany.example.com,@yourcompany.example.com,+58 212 681 0538,False,correct,correct,http://www.azure-interior.com,"[1, 'English (US)']",en_US,1,4557 De Silva St,False,94538,Fremont,"[13, 'California (US)']","[233, 'United States']",30.0,0.0,False,False,[],"[19, 22]",1,False,No Meeting,False,False,True,22,5 VP Chairs,"[1, 'OdooBot']",2025-03-02 17:05:49,"[1, 'OdooBot']",2025-03-10 17:06:30,pending,0.0,0.0,False,False,[],0,False,[],0,False,True,False,0,0.0,0,0,[],0,0.0,0,[]
False,{'3': 1803544},"[4, 'Email Campaign - Products']","[2, 'Lead Recall']","[4, 'Email']",[15],overdue,"[6, 'Marc Demo']","[2, 'Call']",fa-phone,2025-03-08,False,Followup on the proposal,False,False,False,False,[107],[7],[344],True,False,0,False,0,0,[],[],False,+582126810538,False,False,False,False,vauxoo@yourcompany.example.com,False,0,False,Customizable Desk,"[6, 'Marc Demo']",[1],"[4, 'Pre-Sales']",[],"[1, 'My Company (San Francisco)']",False,False,True,opportunity,1,"[3, 'Proposition']",[1],3,15000.0,9825.0,0.0,False,0.0,0.0,0.0,"[1, 'USD']",False,False,2025-03-05 17:05:00,1.0,0.0,2025-03-10 17:05:47,False,2025-03-17,"[15, 'Azure Interior']",False,Nhomar,Vauxoo,False,False,vauxoo@yourcompany.example.com,@yourcompany.example.com,+58 212 681 0538,False,correct,correct,http://www.azure-interior.com,"[1, 'English (US)']",en_US,1,"3rd Floor, Room 3-C,","Carretera Panamericana, Km 1, Urb. Delgado Chalbaud",1090,Caracas,False,"[238, 'Venezuela']",65.5,0.0,False,False,[],"[22, 19]",1,False,No Meeting,False,False,True,19,Customizable Desk,"[1, 'OdooBot']",2025-03-03 17:05:49,"[1, 'OdooBot']",2025-03-10 17:06:30,pending,0.0,0.0,False,False,[],0,False,[],0,False,True,False,0,0.0,0,0,[],0,0.0,0,[]
True,{'2': 1803544},"[3, 'Email Campaign - Services']","[3, 'Newsletter']","[4, 'Email']",[14],overdue,"[2, 'Mitchell Admin']","[2, 'Call']",fa-phone,2025-03-11,2025-03-11,Call to get training needs,False,False,False,True,"[106, 121]","[7, 3]","[343, 342, 341]",True,False,0,False,0,0,[],"[343, 342]",False,False,False,False,False,False,info@deltapc.example.com,False,0,False,DeltaPC: 10 Computer Desks,"[6, 'Marc Demo']",[1],"[4, 'Pre-Sales']",[],"[1, 'My Company (San Francisco)']",False,False,True,opportunity,1,"[2, 'Qualified']","[4, 6]",0,35000.0,8750.0,0.0,False,0.0,0.0,0.0,"[1, 'USD']",False,False,2025-03-03 17:05:00,1.0,0.0,2025-03-10 17:05:47,False,2025-05-10,"[12, 'Ready Mat']",False,Leland Martinez,Delta PC,False,False,info@deltapc.example.com,@deltapc.example.com,(803)-873-6126,False,incorrect,correct,http://www.ready-mat.com/,"[1, 'English (US)']",en_US,1,3661 Station Street,False,False,London,False,"[231, 'United Kingdom']",25.0,0.0,False,False,[],"[21, 16, 18]",2,False,No Meeting,False,False,True,18,DeltaPC: 10 Computer Desks,"[1, 'OdooBot']",2025-03-03 17:05:49,"[1, 'OdooBot']",2025-03-10 17:06:30,pending,0.0,0.0,False,False,[],0,False,[],0,False,True,False,0,0.0,0,0,[],0,0.0,0,[]
False,{'2': 1457944},"[4, 'Email Campaign - Products']","[1, 'Search engine']","[1, 'Website']",[13],overdue,"[6, 'Marc Demo']","[1, 'Email']",fa-envelope,2025-03-09,False,Send our service pricelist,False,False,False,False,[105],[7],"[340, 339]",True,False,0,False,0,0,[],[340],False,+32469124578,False,False,False,False,olivier.passo@balmer.inc.sa,False,0,False,Balmer Inc: Potential Distributor,"[6, 'Marc Demo']",[1],"[4, 'Pre-Sales']",[],"[1, 'My Company (San Francisco)']",False,False,True,opportunity,1,"[2, 'Qualified']","[3, 4]",0,1000.0,350.0,0.0,False,0.0,0.0,0.0,"[1, 'USD']",False,False,2025-03-03 17:05:00,5.0,0.0,2025-03-10 17:05:47,False,2025-04-10,False,False,Oliver Passot,BalmerInc S.A.,False,False,olivier.passo@balmer.inc.sa,@balmer.inc.sa,+32 469 12 45 78,False,correct,correct,False,False,False,1,"Rue des Palais 51, bte 33",False,1100,Brussels,False,"[20, 'Belgium']",35.0,0.0,False,False,[],[17],0,False,No Meeting,False,False,True,17,Balmer Inc: Potential Distributor,"[1, 'OdooBot']",2025-03-07 17:05:49,"[1, 'OdooBot']",2025-03-10 17:06:30,pending,0.0,0.0,False,False,[],0,False,[],0,False,True,False,0,0.0,0,0,[],0,0.0,0,[]
True,{'2': 1285144},"[3, 'Email Campaign - Services']","[2, 'Lead Recall']","[3, 'Direct']",[11],overdue,"[2, 'Mitchell Admin']","[2, 'Call']",fa-phone,2025-03-11,2025-03-11,Call to get system requirements,False,False,False,True,[103],[3],"[337, 336, 335, 334, 333]",True,False,0,False,0,1,[],"[337, 336, 335, 334]",False,+16039963829,False,False,False,False,info@agrolait.com,False,0,False,Info about services,"[2, 'Mitchell Admin']",[1],"[1, 'Sales']",[],"[1, 'My Company (San Francisco)']",False,False,True,opportunity,1,"[2, 'Qualified']",[1],0,25000.0,7500.0,0.0,False,0.0,0.0,0.0,"[1, 'USD']",False,False,2025-02-24 17:05:00,14.0,0.0,2025-03-10 17:05:47,False,2025-04-10,"[10, 'Deco Addict']",False,False,Deco Addict,False,False,info@agrolait.com,@agrolait.com,(603)-996-3829,False,correct,correct,http://www.deco-addict.com,"[1, 'English (US)']",en_US,1,77 Santa Barbara Rd,False,94523,Pleasant Hill,"[13, 'California (US)']","[233, 'United States']",30.0,3.45,False,False,[],"[27, 26, 14, 28, 15]",4,False,No Meeting,False,False,True,15,Info about services,"[1, 'OdooBot']",2025-03-09 17:05:49,"[1, 'OdooBot']",2025-03-10 17:06:30,pending,0.0,0.0,False,False,[],0,False,[],0,False,True,False,0,0.0,0,0,[],0,0.0,0,[]
False,{'1': 1285144},"[4, 'Email Campaign - Products']","[1, 'Search engine']","[4, 'Email']",[9],overdue,"[2, 'Mitchell Admin']","[2, 'Call']",fa-phone,2025-03-13,2025-03-13,Meeting to go over pricing information.,False,False,False,True,[101],[3],[331],True,False,0,False,0,0,[],[],False,False,False,False,False,False,willmac@rediffmail.example.com,False,0,False,Quote for 12 Tables,"[2, 'Mitchell Admin']",[1],"[1, 'Sales']",[],"[1, 'My Company (San Francisco)']",False,False,True,opportunity,1,"[1, 'New']",[1],0,40000.0,4000.0,0.0,False,0.0,0.0,0.0,"[1, 'USD']",False,False,2025-02-17 17:05:00,21.0,0.0,2025-03-10 17:05:47,False,2025-04-10,False,False,Will McEncroe,Rediff Mail,False,False,willmac@rediffmail.example.com,@rediffmail.example.com,False,False,False,correct,False,False,False,1,Kensington Road 189,False,False,Melbourne,False,"[13, 'Australia']",10.0,0.0,False,False,[],[13],0,False,No Meeting,False,False,True,13,Quote for 12 Tables,"[1, 'OdooBot']",2025-03-09 17:05:49,"[1, 'OdooBot']",2025-03-10 17:06:30,pending,0.0,0.0,False,False,[],0,False,[],0,False,True,False,0,0.0,0,0,[],0,0.0,0,[]
False,{'1': 1889944},"[4, 'Email Campaign - Products']","[2, 'Lead Recall']","[4, 'Email']",[],False,False,False,False,False,False,False,False,False,False,True,[96],[3],"[325, 324]",True,False,0,False,0,0,[],[325],False,False,False,False,False,False,logan_expert@gmail.example.com,False,0,False,Product Catalog,"[2, 'Mitchell Admin']",[1],"[1, 'Sales']",[],"[1, 'My Company (San Francisco)']",False,False,True,lead,1,"[1, 'New']","[4, 8]",0,0.0,0.0,0.0,False,0.0,0.0,0.0,"[1, 'USD']",False,False,2025-03-05 17:05:00,2.0,0.0,2025-03-10 17:05:47,False,False,False,False,Logan,ESM Expert,Sales,False,logan_expert@gmail.example.com,@gmail.example.com,False,False,False,correct,False,False,False,1,False,False,E1AB,London,False,"[231, 'United Kingdom']",50.0,50.0,True,False,[],[8],0,False,No Meeting,False,False,False,8,Product Catalog,"[1, 'OdooBot']",2025-03-02 17:05:49,"[1, 'OdooBot']",2025-03-10 17:06:30,pending,0.0,0.0,False,False,[],0,False,[],0,False,True,False,0,0.0,0,0,[],0,0.0,0,[]
False,{'1': 1889944},"[2, 'Christmas Special']","[3, 'Newsletter']","[1, 'Website']",[],False,False,False,False,False,False,False,False,False,False,True,[90],[3],"[317, 316]",True,False,0,False,0,0,[],[317],False,+33125544569,False,False,False,False,md@oilcompany.fr,False,0,False,Design Software,"[2, 'Mitchell Admin']",[1],"[1, 'Sales']",[],"[1, 'My Company (San Francisco)']",False,False,True,lead,1,"[1, 'New']",[2],0,0.0,0.0,0.0,False,0.0,0.0,0.0,"[1, 'USD']",False,False,2025-02-10 17:05:00,21.0,0.0,2025-03-10 17:05:47,False,False,False,False,Marc Dufour,The Oil Company,Purchase Manager,False,md@oilcompany.fr,@oilcompany.fr,+33 1 25 54 45 69,False,correct,correct,False,False,False,1,Rue Ignasse Blanchoux 214/32,False,33000,Bordeaux,False,"[75, 'France']",50.0,50.0,True,False,[],"[29, 1, 2]",2,False,No Meeting,False,False,False,2,Design Software,"[1, 'OdooBot']",2025-03-02 17:05:49,"[1, 'OdooBot']",2025-03-10 17:06:30,pending,0.0,0.0,False,False,[],0,False,[],0,False,True,False,0,0.0,0,0,[],0,0.0,0,[]
False,{'1': 1889944},"[3, 'Email Campaign - Services']","[2, 'Lead Recall']","[4, 'Email']",[],False,False,False,False,False,False,False,False,False,False,True,[89],[3],"[315, 314]",True,False,0,False,0,0,[],[315],False,+33125544569,False,False,False,False,jdunagan@leclub.example.com,False,0,False,Club Office Furnitures,"[2, 'Mitchell Admin']",[1],"[1, 'Sales']",[],"[1, 'My Company (San Francisco)']",False,False,True,lead,1,"[1, 'New']",[6],0,0.0,0.0,0.0,False,0.0,0.0,0.0,"[1, 'USD']",False,False,2025-01-10 17:05:00,52.0,0.0,2025-03-10 17:05:47,False,False,False,False,Jacques Dunagan,Le Club SARL,Training Manager,False,jdunagan@leclub.example.com,@leclub.example.com,+33 1 25 54 45 69,False,correct,correct,False,False,False,1,Rue Léon Dierx 73,False,93190,Paris,False,"[75, 'France']",0.0,0.0,True,False,[],"[29, 2, 1]",2,False,No Meeting,False,False,False,1,Club Office Furnitures,"[1, 'OdooBot']",2025-03-02 17:05:49,"[1, 'OdooBot']",2025-03-10 17:06:30,pending,0.0,0.0,False,False,[],0,False,[],0,False,True,False,0,0.0,0,0,[],0,0.0,0,[]
False,{'3': 1803544},"[4, 'Email Campaign - Products']","[1, 'Search engine']","[1, 'Website']",[20],overdue,"[2, 'Mitchell Admin']","[1, 'Email']",fa-envelope,2025-03-12,2025-03-12,False,False,False,False,True,[112],[3],[349],True,False,0,False,0,0,[],[],False,False,False,False,False,False,info@mycompany.net,False,0,False,Need 20 Desks,"[2, 'Mitchell Admin']",[1],"[1, 'Sales']",[],"[1, 'My Company (San Francisco)']",False,False,True,opportunity,0,"[3, 'Proposition']",[7],0,60000.0,54000.0,0.0,False,0.0,0.0,0.0,"[1, 'USD']",False,False,2025-03-07 17:05:00,3.0,0.0,2025-03-10 17:05:47,False,2025-05-10,False,False,False,False,False,False,info@mycompany.net,@mycompany.net,False,False,False,correct,False,False,False,1,False,False,False,Lima,False,"[173, 'Peru']",90.0,0.0,False,False,[],[24],0,False,No Meeting,False,False,True,24,Need 20 Desks,"[1, 'OdooBot']",2025-03-03 17:05:49,"[1, 'OdooBot']",2025-03-10 17:06:30,pending,0.0,0.0,False,False,[],0,False,[],0,False,True,False,0,0.0,0,0,[],0,0.0,0,[]
False,{'4': 1803544},"[1, 'Sale']","[3, 'Newsletter']","[3, 'Direct']",[19],overdue,"[2, 'Mitchell Admin']","[1, 'Email']",fa-envelope,2025-03-11,2025-03-11,False,False,False,False,True,"[111, 124]","[7, 3]",[348],True,False,0,False,0,0,[],[],False,+18283160593,False,False,False,False,lumber-inv92@example.com,False,0,False,Access to Online Catalog,"[6, 'Marc Demo']",[1],"[4, 'Pre-Sales']",[],"[1, 'My Company (San Francisco)']",False,False,True,opportunity,0,"[4, 'Won']",[3],0,2000.0,2000.0,0.0,False,0.0,0.0,0.0,"[1, 'USD']",2025-03-10 17:05:49,False,2025-03-07 17:05:00,3.0,6.0,2025-03-10 17:05:47,False,2025-03-10,"[16, 'Lumber Inc']",False,False,Lumber Inc,False,False,lumber-inv92@example.com,lumber-inv92@example.com,(828)-316-0593,False,correct,correct,http://www.lumber-inc.com,"[1, 'English (US)']",en_US,1,1337 N San Joaquin St,False,95202,Stockton,"[13, 'California (US)']","[233, 'United States']",100.0,100.0,True,False,[],[23],0,False,No Meeting,False,False,True,23,Access to Online Catalog,"[1, 'OdooBot']",2025-03-03 17:05:49,"[1, 'OdooBot']",2025-03-10 17:06:30,won,0.0,-1.0,False,False,[],0,False,[],0,False,False,False,0,0.0,0,0,[],0,0.0,0,[]
